"site","date","count"
"M-1",2024-03-10,0
"M-1",2024-03-11,1
"M-1",2024-03-12,0
"M-1",2024-03-13,2
"M-1",2024-03-14,1
"M-1",2024-03-15,0
"M-1",2024-03-16,0
"M-1",2024-03-17,9
"M-1",2024-03-18,12
"M-1",2024-03-19,0
"M-1",2024-03-20,2
"M-1",2024-03-21,6
"M-1",2024-03-22,0
"M-1",2024-03-23,1
"M-1",2024-03-24,16
"M-1",2024-03-25,3
"M-1",2024-03-26,0
"M-1",2024-03-27,0
"M-1",2024-03-28,0
"M-1",2024-03-29,0
"M-1",2024-03-30,1
"M-1",2024-03-31,0
"M-1",2024-04-01,0
"M-1",2024-04-02,0
"M-1",2024-04-03,0
"M-1",2024-04-04,0
"M-1",2024-04-05,0
"M-1",2024-04-06,0
"M-1",2024-04-07,1
"M-1",2024-04-08,2
"M-1",2024-04-09,0
"M-1",2024-04-10,0
"M-1",2024-04-11,0
"M-1",2024-04-12,3
"M-1",2024-04-13,3
"M-1",2024-04-14,4
"M-1",2024-04-15,9
"M-1",2024-04-16,0
"M-1",2024-04-17,0
"M-1",2024-04-18,0
"M-1",2024-04-19,0
"M-1",2024-04-20,0
"M-1",2024-04-21,0
"M-1",2024-04-22,1
"M-1",2024-04-23,1
"M-1",2024-04-24,0
"M-1",2024-04-25,0
"M-1",2024-04-26,0
"M-1",2024-04-27,0
"M-1",2024-04-28,0
"M-1",2024-04-29,0
"M-1",2024-04-30,0
"M-1",2024-05-01,0
"M-1",2024-05-02,0
"M-1",2024-05-03,0
"M-1",2024-05-04,0
"M-1",2024-05-05,0
"M-1",2024-05-06,0
"M-1",2024-05-07,0
"M-1",2024-05-08,0
"M-1",2024-05-09,0
"M-1",2024-05-10,0
"M-1",2024-05-11,0
"M-1",2024-05-12,0
"M-1",2024-05-13,0
"M-1",2024-05-14,0
"M-1",2024-05-15,0
"M-1",2024-05-16,0
"M-1",2024-05-17,0
"M-1",2024-05-18,0
"M-1",2024-05-19,0
"M-1",2024-05-20,0
"M-1",2024-05-21,0
"M-1",2024-05-22,0
"M-1",2024-05-23,0
"M-1",2024-05-24,0
"M-1",2024-05-25,0
"M-1",2024-05-26,0
"M-1",2024-05-27,0
"M-1",2024-05-28,0
"M-1",2024-05-29,0
"M-1",2024-05-30,0
"M-1",2024-05-31,1
"M-1",2024-06-01,0
"M-1",2024-06-02,0
"M-1",2024-06-03,0
"M-1",2024-06-04,0
"M-1",2024-06-05,0
"M-1",2024-06-06,0
"M-1",2024-06-07,0
"M-1",2024-06-08,0
"M-1",2024-06-09,0
"M-1",2024-06-10,0
"M-1",2024-06-11,0
"M-1",2024-06-12,0
"M-1",2024-06-13,0
"M-1",2024-06-14,0
"M-1",2024-06-15,0
"M-1",2024-06-16,0
"M-1",2024-06-17,0
"M-1",2024-06-18,0
"M-1",2024-06-19,0
"M-1",2024-06-20,0
"M-1",2024-06-21,0
"M-1",2024-06-22,0
"M-1",2024-06-23,0
"M-1",2024-06-24,0
"M-1",2024-06-25,0
"M-1",2024-06-26,0
"M-1",2024-06-27,0
"M-1",2024-06-28,0
"M-10",2024-03-10,0
"M-10",2024-03-11,0
"M-10",2024-03-12,0
"M-10",2024-03-13,0
"M-10",2024-03-14,0
"M-10",2024-03-15,0
"M-10",2024-03-16,0
"M-10",2024-03-17,0
"M-10",2024-03-18,0
"M-10",2024-03-19,0
"M-10",2024-03-20,0
"M-10",2024-03-21,0
"M-10",2024-03-22,0
"M-10",2024-03-23,0
"M-10",2024-03-24,0
"M-10",2024-03-25,0
"M-10",2024-03-26,0
"M-10",2024-03-27,0
"M-10",2024-03-28,0
"M-10",2024-03-29,0
"M-10",2024-03-30,0
"M-10",2024-03-31,1
"M-10",2024-04-01,0
"M-10",2024-04-02,0
"M-10",2024-04-03,0
"M-10",2024-04-04,0
"M-10",2024-04-05,0
"M-10",2024-04-06,0
"M-10",2024-04-07,0
"M-10",2024-04-08,0
"M-10",2024-04-09,0
"M-10",2024-04-10,0
"M-10",2024-04-11,0
"M-10",2024-04-12,0
"M-10",2024-04-13,0
"M-10",2024-04-14,0
"M-10",2024-04-15,0
"M-10",2024-04-16,0
"M-10",2024-04-17,0
"M-10",2024-04-18,0
"M-10",2024-04-19,0
"M-10",2024-04-20,0
"M-10",2024-04-21,0
"M-10",2024-04-22,0
"M-10",2024-04-23,0
"M-10",2024-04-24,0
"M-10",2024-04-25,0
"M-10",2024-04-26,0
"M-10",2024-04-27,0
"M-10",2024-04-28,0
"M-10",2024-04-29,0
"M-10",2024-04-30,0
"M-10",2024-05-01,0
"M-10",2024-05-02,0
"M-10",2024-05-03,0
"M-10",2024-05-04,0
"M-10",2024-05-05,0
"M-10",2024-05-06,0
"M-10",2024-05-07,0
"M-10",2024-05-08,0
"M-10",2024-05-09,0
"M-10",2024-05-10,0
"M-10",2024-05-11,0
"M-10",2024-05-12,0
"M-10",2024-05-13,0
"M-10",2024-05-14,0
"M-10",2024-05-15,0
"M-10",2024-05-16,0
"M-10",2024-05-17,0
"M-10",2024-05-18,0
"M-10",2024-05-19,0
"M-10",2024-05-20,0
"M-10",2024-05-21,0
"M-10",2024-05-22,0
"M-10",2024-05-23,0
"M-10",2024-05-24,0
"M-10",2024-05-25,0
"M-10",2024-05-26,0
"M-10",2024-05-27,0
"M-10",2024-05-28,0
"M-10",2024-05-29,0
"M-10",2024-05-30,0
"M-10",2024-05-31,0
"M-10",2024-06-01,0
"M-10",2024-06-02,0
"M-10",2024-06-03,0
"M-10",2024-06-04,0
"M-10",2024-06-05,0
"M-10",2024-06-06,0
"M-10",2024-06-07,0
"M-10",2024-06-08,0
"M-10",2024-06-09,0
"M-10",2024-06-10,0
"M-10",2024-06-11,0
"M-10",2024-06-12,0
"M-10",2024-06-13,0
"M-10",2024-06-14,0
"M-10",2024-06-15,0
"M-10",2024-06-16,0
"M-10",2024-06-17,0
"M-10",2024-06-18,0
"M-10",2024-06-19,0
"M-10",2024-06-20,0
"M-10",2024-06-21,0
"M-10",2024-06-22,0
"M-10",2024-06-23,0
"M-10",2024-06-24,0
"M-10",2024-06-25,0
"M-10",2024-06-26,0
"M-10",2024-06-27,0
"M-10",2024-06-28,0
"M-11",2024-03-10,0
"M-11",2024-03-11,0
"M-11",2024-03-12,0
"M-11",2024-03-13,0
"M-11",2024-03-14,0
"M-11",2024-03-15,0
"M-11",2024-03-16,0
"M-11",2024-03-17,0
"M-11",2024-03-18,0
"M-11",2024-03-19,0
"M-11",2024-03-20,0
"M-11",2024-03-21,0
"M-11",2024-03-22,0
"M-11",2024-03-23,0
"M-11",2024-03-24,0
"M-11",2024-03-25,0
"M-11",2024-03-26,0
"M-11",2024-03-27,0
"M-11",2024-03-28,0
"M-11",2024-03-29,0
"M-11",2024-03-30,0
"M-11",2024-03-31,0
"M-11",2024-04-01,0
"M-11",2024-04-02,0
"M-11",2024-04-03,0
"M-11",2024-04-04,0
"M-11",2024-04-05,0
"M-11",2024-04-06,0
"M-11",2024-04-07,0
"M-11",2024-04-08,0
"M-11",2024-04-09,0
"M-11",2024-04-10,0
"M-11",2024-04-11,0
"M-11",2024-04-12,0
"M-11",2024-04-13,0
"M-11",2024-04-14,0
"M-11",2024-04-15,0
"M-11",2024-04-16,0
"M-11",2024-04-17,0
"M-11",2024-04-18,0
"M-11",2024-04-19,0
"M-11",2024-04-20,0
"M-11",2024-04-21,0
"M-11",2024-04-22,0
"M-11",2024-04-23,1
"M-11",2024-04-24,0
"M-11",2024-04-25,0
"M-11",2024-04-26,0
"M-11",2024-04-27,0
"M-11",2024-04-28,2
"M-11",2024-04-29,0
"M-11",2024-04-30,0
"M-11",2024-05-01,0
"M-11",2024-05-02,0
"M-11",2024-05-03,0
"M-11",2024-05-04,0
"M-11",2024-05-05,0
"M-11",2024-05-06,0
"M-11",2024-05-07,0
"M-11",2024-05-08,0
"M-11",2024-05-09,0
"M-11",2024-05-10,0
"M-11",2024-05-11,0
"M-11",2024-05-12,0
"M-11",2024-05-13,0
"M-11",2024-05-14,0
"M-11",2024-05-15,0
"M-11",2024-05-16,0
"M-11",2024-05-17,0
"M-11",2024-05-18,0
"M-11",2024-05-19,0
"M-11",2024-05-20,0
"M-11",2024-05-21,0
"M-11",2024-05-22,0
"M-11",2024-05-23,0
"M-11",2024-05-24,0
"M-11",2024-05-25,0
"M-11",2024-05-26,0
"M-11",2024-05-27,0
"M-11",2024-05-28,0
"M-11",2024-05-29,0
"M-11",2024-05-30,0
"M-11",2024-05-31,0
"M-11",2024-06-01,0
"M-11",2024-06-02,0
"M-11",2024-06-03,0
"M-11",2024-06-04,0
"M-11",2024-06-05,0
"M-11",2024-06-06,0
"M-11",2024-06-07,0
"M-11",2024-06-08,0
"M-11",2024-06-09,0
"M-11",2024-06-10,0
"M-11",2024-06-11,0
"M-11",2024-06-12,0
"M-11",2024-06-13,0
"M-11",2024-06-14,0
"M-11",2024-06-15,0
"M-11",2024-06-16,0
"M-11",2024-06-17,0
"M-11",2024-06-18,0
"M-11",2024-06-19,0
"M-11",2024-06-20,0
"M-11",2024-06-21,0
"M-11",2024-06-22,0
"M-11",2024-06-23,0
"M-11",2024-06-24,0
"M-11",2024-06-25,0
"M-11",2024-06-26,0
"M-11",2024-06-27,0
"M-11",2024-06-28,0
"M-12",2024-03-10,0
"M-12",2024-03-11,1
"M-12",2024-03-12,3
"M-12",2024-03-13,2
"M-12",2024-03-14,1
"M-12",2024-03-15,0
"M-12",2024-03-16,0
"M-12",2024-03-17,0
"M-12",2024-03-18,0
"M-12",2024-03-19,0
"M-12",2024-03-20,1
"M-12",2024-03-21,0
"M-12",2024-03-22,0
"M-12",2024-03-23,0
"M-12",2024-03-24,0
"M-12",2024-03-25,2
"M-12",2024-03-26,0
"M-12",2024-03-27,0
"M-12",2024-03-28,0
"M-12",2024-03-29,0
"M-12",2024-03-30,0
"M-12",2024-03-31,0
"M-12",2024-04-01,0
"M-12",2024-04-02,0
"M-12",2024-04-03,0
"M-12",2024-04-04,0
"M-12",2024-04-05,1
"M-12",2024-04-06,0
"M-12",2024-04-07,0
"M-12",2024-04-08,2
"M-12",2024-04-09,0
"M-12",2024-04-10,0
"M-12",2024-04-11,0
"M-12",2024-04-12,0
"M-12",2024-04-13,0
"M-12",2024-04-14,1
"M-12",2024-04-15,0
"M-12",2024-04-16,0
"M-12",2024-04-17,0
"M-12",2024-04-18,0
"M-12",2024-04-19,0
"M-12",2024-04-20,0
"M-12",2024-04-21,0
"M-12",2024-04-22,0
"M-12",2024-04-23,12
"M-12",2024-04-24,0
"M-12",2024-04-25,0
"M-12",2024-04-26,0
"M-12",2024-04-27,0
"M-12",2024-04-28,0
"M-12",2024-04-29,0
"M-12",2024-04-30,14
"M-12",2024-05-01,0
"M-12",2024-05-02,1
"M-12",2024-05-03,0
"M-12",2024-05-04,0
"M-12",2024-05-05,0
"M-12",2024-05-06,0
"M-12",2024-05-07,0
"M-12",2024-05-08,0
"M-12",2024-05-09,0
"M-12",2024-05-10,0
"M-12",2024-05-11,0
"M-12",2024-05-12,0
"M-12",2024-05-13,0
"M-12",2024-05-14,0
"M-12",2024-05-15,0
"M-12",2024-05-16,0
"M-12",2024-05-17,0
"M-12",2024-05-18,0
"M-12",2024-05-19,0
"M-12",2024-05-20,0
"M-12",2024-05-21,0
"M-12",2024-05-22,0
"M-12",2024-05-23,0
"M-12",2024-05-24,0
"M-12",2024-05-25,0
"M-12",2024-05-26,0
"M-12",2024-05-27,0
"M-12",2024-05-28,0
"M-12",2024-05-29,0
"M-12",2024-05-30,0
"M-12",2024-05-31,0
"M-12",2024-06-01,0
"M-12",2024-06-02,0
"M-12",2024-06-03,0
"M-12",2024-06-04,0
"M-12",2024-06-05,0
"M-12",2024-06-06,0
"M-12",2024-06-07,0
"M-12",2024-06-08,0
"M-12",2024-06-09,0
"M-12",2024-06-10,0
"M-12",2024-06-11,0
"M-12",2024-06-12,0
"M-12",2024-06-13,0
"M-12",2024-06-14,0
"M-12",2024-06-15,0
"M-12",2024-06-16,0
"M-12",2024-06-17,0
"M-12",2024-06-18,0
"M-12",2024-06-19,0
"M-12",2024-06-20,0
"M-12",2024-06-21,0
"M-12",2024-06-22,0
"M-12",2024-06-23,0
"M-12",2024-06-24,0
"M-12",2024-06-25,0
"M-12",2024-06-26,0
"M-12",2024-06-27,0
"M-12",2024-06-28,0
"M-2",2024-03-10,0
"M-2",2024-03-11,0
"M-2",2024-03-12,0
"M-2",2024-03-13,0
"M-2",2024-03-14,2
"M-2",2024-03-15,0
"M-2",2024-03-16,0
"M-2",2024-03-17,0
"M-2",2024-03-18,0
"M-2",2024-03-19,0
"M-2",2024-03-20,0
"M-2",2024-03-21,0
"M-2",2024-03-22,0
"M-2",2024-03-23,0
"M-2",2024-03-24,1
"M-2",2024-03-25,0
"M-2",2024-03-26,0
"M-2",2024-03-27,0
"M-2",2024-03-28,0
"M-2",2024-03-29,0
"M-2",2024-03-30,0
"M-2",2024-03-31,0
"M-2",2024-04-01,1
"M-2",2024-04-02,0
"M-2",2024-04-03,0
"M-2",2024-04-04,0
"M-2",2024-04-05,0
"M-2",2024-04-06,0
"M-2",2024-04-07,0
"M-2",2024-04-08,0
"M-2",2024-04-09,0
"M-2",2024-04-10,0
"M-2",2024-04-11,0
"M-2",2024-04-12,0
"M-2",2024-04-13,1
"M-2",2024-04-14,0
"M-2",2024-04-15,0
"M-2",2024-04-16,0
"M-2",2024-04-17,0
"M-2",2024-04-18,0
"M-2",2024-04-19,0
"M-2",2024-04-20,0
"M-2",2024-04-21,0
"M-2",2024-04-22,0
"M-2",2024-04-23,0
"M-2",2024-04-24,0
"M-2",2024-04-25,0
"M-2",2024-04-26,0
"M-2",2024-04-27,0
"M-2",2024-04-28,0
"M-2",2024-04-29,0
"M-2",2024-04-30,0
"M-2",2024-05-01,0
"M-2",2024-05-02,0
"M-2",2024-05-03,0
"M-2",2024-05-04,0
"M-2",2024-05-05,0
"M-2",2024-05-06,0
"M-2",2024-05-07,0
"M-2",2024-05-08,0
"M-2",2024-05-09,0
"M-2",2024-05-10,0
"M-2",2024-05-11,0
"M-2",2024-05-12,0
"M-2",2024-05-13,0
"M-2",2024-05-14,0
"M-2",2024-05-15,0
"M-2",2024-05-16,0
"M-2",2024-05-17,0
"M-2",2024-05-18,0
"M-2",2024-05-19,0
"M-2",2024-05-20,0
"M-2",2024-05-21,0
"M-2",2024-05-22,0
"M-2",2024-05-23,0
"M-2",2024-05-24,0
"M-2",2024-05-25,0
"M-2",2024-05-26,0
"M-2",2024-05-27,0
"M-2",2024-05-28,0
"M-2",2024-05-29,0
"M-2",2024-05-30,0
"M-2",2024-05-31,0
"M-2",2024-06-01,0
"M-2",2024-06-02,0
"M-2",2024-06-03,0
"M-2",2024-06-04,0
"M-2",2024-06-05,0
"M-2",2024-06-06,0
"M-2",2024-06-07,0
"M-2",2024-06-08,0
"M-2",2024-06-09,0
"M-2",2024-06-10,0
"M-2",2024-06-11,0
"M-2",2024-06-12,0
"M-2",2024-06-13,0
"M-2",2024-06-14,0
"M-2",2024-06-15,0
"M-2",2024-06-16,0
"M-2",2024-06-17,0
"M-2",2024-06-18,0
"M-2",2024-06-19,0
"M-2",2024-06-20,0
"M-2",2024-06-21,0
"M-2",2024-06-22,0
"M-2",2024-06-23,0
"M-2",2024-06-24,0
"M-2",2024-06-25,0
"M-2",2024-06-26,0
"M-2",2024-06-27,0
"M-2",2024-06-28,0
"M-5",2024-03-10,8
"M-5",2024-03-11,0
"M-5",2024-03-12,2
"M-5",2024-03-13,22
"M-5",2024-03-14,47
"M-5",2024-03-15,0
"M-5",2024-03-16,0
"M-5",2024-03-17,11
"M-5",2024-03-18,2
"M-5",2024-03-19,0
"M-5",2024-03-20,1
"M-5",2024-03-21,12
"M-5",2024-03-22,0
"M-5",2024-03-23,0
"M-5",2024-03-24,4
"M-5",2024-03-25,7
"M-5",2024-03-26,0
"M-5",2024-03-27,0
"M-5",2024-03-28,4
"M-5",2024-03-29,6
"M-5",2024-03-30,11
"M-5",2024-03-31,23
"M-5",2024-04-01,7
"M-5",2024-04-02,0
"M-5",2024-04-03,0
"M-5",2024-04-04,1
"M-5",2024-04-05,7
"M-5",2024-04-06,5
"M-5",2024-04-07,0
"M-5",2024-04-08,0
"M-5",2024-04-09,0
"M-5",2024-04-10,0
"M-5",2024-04-11,0
"M-5",2024-04-12,0
"M-5",2024-04-13,1
"M-5",2024-04-14,1
"M-5",2024-04-15,1
"M-5",2024-04-16,0
"M-5",2024-04-17,0
"M-5",2024-04-18,0
"M-5",2024-04-19,1
"M-5",2024-04-20,0
"M-5",2024-04-21,0
"M-5",2024-04-22,1
"M-5",2024-04-23,0
"M-5",2024-04-24,0
"M-5",2024-04-25,0
"M-5",2024-04-26,0
"M-5",2024-04-27,0
"M-5",2024-04-28,0
"M-5",2024-04-29,2
"M-5",2024-04-30,1
"M-5",2024-05-01,0
"M-5",2024-05-02,6
"M-5",2024-05-03,0
"M-5",2024-05-04,0
"M-5",2024-05-05,0
"M-5",2024-05-06,0
"M-5",2024-05-07,0
"M-5",2024-05-08,0
"M-5",2024-05-09,0
"M-5",2024-05-10,0
"M-5",2024-05-11,0
"M-5",2024-05-12,0
"M-5",2024-05-13,0
"M-5",2024-05-14,0
"M-5",2024-05-15,0
"M-5",2024-05-16,0
"M-5",2024-05-17,0
"M-5",2024-05-18,0
"M-5",2024-05-19,0
"M-5",2024-05-20,0
"M-5",2024-05-21,0
"M-5",2024-05-22,0
"M-5",2024-05-23,0
"M-5",2024-05-24,0
"M-5",2024-05-25,0
"M-5",2024-05-26,0
"M-5",2024-05-27,0
"M-5",2024-05-28,0
"M-5",2024-05-29,0
"M-5",2024-05-30,0
"M-5",2024-05-31,0
"M-5",2024-06-01,0
"M-5",2024-06-02,0
"M-5",2024-06-03,0
"M-5",2024-06-04,0
"M-5",2024-06-05,0
"M-5",2024-06-06,0
"M-5",2024-06-07,0
"M-5",2024-06-08,0
"M-5",2024-06-09,0
"M-5",2024-06-10,0
"M-5",2024-06-11,0
"M-5",2024-06-12,0
"M-5",2024-06-13,0
"M-5",2024-06-14,0
"M-5",2024-06-15,0
"M-5",2024-06-16,0
"M-5",2024-06-17,0
"M-5",2024-06-18,0
"M-5",2024-06-19,0
"M-5",2024-06-20,0
"M-5",2024-06-21,0
"M-5",2024-06-22,0
"M-5",2024-06-23,0
"M-5",2024-06-24,0
"M-5",2024-06-25,0
"M-5",2024-06-26,0
"M-5",2024-06-27,0
"M-5",2024-06-28,0
"M-6",2024-03-10,0
"M-6",2024-03-11,0
"M-6",2024-03-12,0
"M-6",2024-03-13,0
"M-6",2024-03-14,0
"M-6",2024-03-15,0
"M-6",2024-03-16,0
"M-6",2024-03-17,0
"M-6",2024-03-18,0
"M-6",2024-03-19,0
"M-6",2024-03-20,0
"M-6",2024-03-21,0
"M-6",2024-03-22,0
"M-6",2024-03-23,0
"M-6",2024-03-24,0
"M-6",2024-03-25,0
"M-6",2024-03-26,0
"M-6",2024-03-27,0
"M-6",2024-03-28,0
"M-6",2024-03-29,0
"M-6",2024-03-30,0
"M-6",2024-03-31,0
"M-6",2024-04-01,0
"M-6",2024-04-02,0
"M-6",2024-04-03,0
"M-6",2024-04-04,0
"M-6",2024-04-05,0
"M-6",2024-04-06,0
"M-6",2024-04-07,0
"M-6",2024-04-08,0
"M-6",2024-04-09,0
"M-6",2024-04-10,0
"M-6",2024-04-11,0
"M-6",2024-04-12,0
"M-6",2024-04-13,0
"M-6",2024-04-14,0
"M-6",2024-04-15,0
"M-6",2024-04-16,0
"M-6",2024-04-17,0
"M-6",2024-04-18,0
"M-6",2024-04-19,0
"M-6",2024-04-20,0
"M-6",2024-04-21,0
"M-6",2024-04-22,0
"M-6",2024-04-23,0
"M-6",2024-04-24,2
"M-6",2024-04-25,0
"M-6",2024-04-26,0
"M-6",2024-04-27,0
"M-6",2024-04-28,0
"M-6",2024-04-29,0
"M-6",2024-04-30,0
"M-6",2024-05-01,0
"M-6",2024-05-02,2
"M-6",2024-05-03,0
"M-6",2024-05-04,1
"M-6",2024-05-05,0
"M-6",2024-05-06,0
"M-6",2024-05-07,0
"M-6",2024-05-08,0
"M-6",2024-05-09,0
"M-6",2024-05-10,1
"M-6",2024-05-11,0
"M-6",2024-05-12,0
"M-6",2024-05-13,0
"M-6",2024-05-14,0
"M-6",2024-05-15,0
"M-6",2024-05-16,2
"M-6",2024-05-17,0
"M-6",2024-05-18,0
"M-6",2024-05-19,0
"M-6",2024-05-20,0
"M-6",2024-05-21,0
"M-6",2024-05-22,0
"M-6",2024-05-23,0
"M-6",2024-05-24,0
"M-6",2024-05-25,0
"M-6",2024-05-26,0
"M-6",2024-05-27,0
"M-6",2024-05-28,0
"M-6",2024-05-29,0
"M-6",2024-05-30,0
"M-6",2024-05-31,0
"M-6",2024-06-01,0
"M-6",2024-06-02,0
"M-6",2024-06-03,0
"M-6",2024-06-04,0
"M-6",2024-06-05,0
"M-6",2024-06-06,0
"M-6",2024-06-07,0
"M-6",2024-06-08,0
"M-6",2024-06-09,0
"M-6",2024-06-10,0
"M-6",2024-06-11,0
"M-6",2024-06-12,0
"M-6",2024-06-13,0
"M-6",2024-06-14,0
"M-6",2024-06-15,0
"M-6",2024-06-16,0
"M-6",2024-06-17,0
"M-6",2024-06-18,0
"M-6",2024-06-19,0
"M-6",2024-06-20,0
"M-6",2024-06-21,0
"M-6",2024-06-22,0
"M-6",2024-06-23,0
"M-6",2024-06-24,0
"M-6",2024-06-25,0
"M-6",2024-06-26,0
"M-6",2024-06-27,0
"M-6",2024-06-28,0
"M-7",2024-03-10,0
"M-7",2024-03-11,0
"M-7",2024-03-12,2
"M-7",2024-03-13,0
"M-7",2024-03-14,0
"M-7",2024-03-15,0
"M-7",2024-03-16,0
"M-7",2024-03-17,0
"M-7",2024-03-18,0
"M-7",2024-03-19,0
"M-7",2024-03-20,0
"M-7",2024-03-21,0
"M-7",2024-03-22,0
"M-7",2024-03-23,0
"M-7",2024-03-24,0
"M-7",2024-03-25,0
"M-7",2024-03-26,0
"M-7",2024-03-27,0
"M-7",2024-03-28,1
"M-7",2024-03-29,0
"M-7",2024-03-30,1
"M-7",2024-03-31,0
"M-7",2024-04-01,0
"M-7",2024-04-02,0
"M-7",2024-04-03,4
"M-7",2024-04-04,1
"M-7",2024-04-05,1
"M-7",2024-04-06,1
"M-7",2024-04-07,0
"M-7",2024-04-08,6
"M-7",2024-04-09,0
"M-7",2024-04-10,0
"M-7",2024-04-11,0
"M-7",2024-04-12,0
"M-7",2024-04-13,0
"M-7",2024-04-14,1
"M-7",2024-04-15,0
"M-7",2024-04-16,0
"M-7",2024-04-17,0
"M-7",2024-04-18,0
"M-7",2024-04-19,0
"M-7",2024-04-20,0
"M-7",2024-04-21,0
"M-7",2024-04-22,0
"M-7",2024-04-23,0
"M-7",2024-04-24,0
"M-7",2024-04-25,0
"M-7",2024-04-26,0
"M-7",2024-04-27,0
"M-7",2024-04-28,0
"M-7",2024-04-29,0
"M-7",2024-04-30,0
"M-7",2024-05-01,0
"M-7",2024-05-02,0
"M-7",2024-05-03,0
"M-7",2024-05-04,0
"M-7",2024-05-05,0
"M-7",2024-05-06,0
"M-7",2024-05-07,0
"M-7",2024-05-08,0
"M-7",2024-05-09,0
"M-7",2024-05-10,0
"M-7",2024-05-11,0
"M-7",2024-05-12,0
"M-7",2024-05-13,0
"M-7",2024-05-14,0
"M-7",2024-05-15,0
"M-7",2024-05-16,0
"M-7",2024-05-17,0
"M-7",2024-05-18,0
"M-7",2024-05-19,0
"M-7",2024-05-20,0
"M-7",2024-05-21,0
"M-7",2024-05-22,0
"M-7",2024-05-23,0
"M-7",2024-05-24,0
"M-7",2024-05-25,0
"M-7",2024-05-26,0
"M-7",2024-05-27,0
"M-7",2024-05-28,0
"M-7",2024-05-29,0
"M-7",2024-05-30,0
"M-7",2024-05-31,0
"M-7",2024-06-01,0
"M-7",2024-06-02,0
"M-7",2024-06-03,0
"M-7",2024-06-04,0
"M-7",2024-06-05,0
"M-7",2024-06-06,0
"M-7",2024-06-07,0
"M-7",2024-06-08,0
"M-7",2024-06-09,0
"M-7",2024-06-10,0
"M-7",2024-06-11,0
"M-7",2024-06-12,0
"M-7",2024-06-13,0
"M-7",2024-06-14,0
"M-7",2024-06-15,0
"M-7",2024-06-16,0
"M-7",2024-06-17,0
"M-7",2024-06-18,0
"M-7",2024-06-19,0
"M-7",2024-06-20,0
"M-7",2024-06-21,0
"M-7",2024-06-22,0
"M-7",2024-06-23,0
"M-7",2024-06-24,0
"M-7",2024-06-25,0
"M-7",2024-06-26,0
"M-7",2024-06-27,0
"M-7",2024-06-28,0
"M-9",2024-03-10,0
"M-9",2024-03-11,0
"M-9",2024-03-12,0
"M-9",2024-03-13,0
"M-9",2024-03-14,0
"M-9",2024-03-15,0
"M-9",2024-03-16,0
"M-9",2024-03-17,0
"M-9",2024-03-18,0
"M-9",2024-03-19,0
"M-9",2024-03-20,0
"M-9",2024-03-21,0
"M-9",2024-03-22,0
"M-9",2024-03-23,0
"M-9",2024-03-24,0
"M-9",2024-03-25,0
"M-9",2024-03-26,0
"M-9",2024-03-27,0
"M-9",2024-03-28,0
"M-9",2024-03-29,0
"M-9",2024-03-30,0
"M-9",2024-03-31,0
"M-9",2024-04-01,0
"M-9",2024-04-02,0
"M-9",2024-04-03,0
"M-9",2024-04-04,0
"M-9",2024-04-05,0
"M-9",2024-04-06,0
"M-9",2024-04-07,0
"M-9",2024-04-08,0
"M-9",2024-04-09,0
"M-9",2024-04-10,0
"M-9",2024-04-11,0
"M-9",2024-04-12,0
"M-9",2024-04-13,0
"M-9",2024-04-14,0
"M-9",2024-04-15,0
"M-9",2024-04-16,0
"M-9",2024-04-17,0
"M-9",2024-04-18,0
"M-9",2024-04-19,0
"M-9",2024-04-20,0
"M-9",2024-04-21,0
"M-9",2024-04-22,0
"M-9",2024-04-23,1
"M-9",2024-04-24,0
"M-9",2024-04-25,0
"M-9",2024-04-26,0
"M-9",2024-04-27,0
"M-9",2024-04-28,0
"M-9",2024-04-29,0
"M-9",2024-04-30,0
"M-9",2024-05-01,0
"M-9",2024-05-02,0
"M-9",2024-05-03,0
"M-9",2024-05-04,0
"M-9",2024-05-05,0
"M-9",2024-05-06,0
"M-9",2024-05-07,0
"M-9",2024-05-08,0
"M-9",2024-05-09,0
"M-9",2024-05-10,0
"M-9",2024-05-11,0
"M-9",2024-05-12,0
"M-9",2024-05-13,0
"M-9",2024-05-14,0
"M-9",2024-05-15,0
"M-9",2024-05-16,0
"M-9",2024-05-17,0
"M-9",2024-05-18,0
"M-9",2024-05-19,0
"M-9",2024-05-20,0
"M-9",2024-05-21,0
"M-9",2024-05-22,0
"M-9",2024-05-23,0
"M-9",2024-05-24,0
"M-9",2024-05-25,0
"M-9",2024-05-26,0
"M-9",2024-05-27,0
"M-9",2024-05-28,0
"M-9",2024-05-29,0
"M-9",2024-05-30,0
"M-9",2024-05-31,0
"M-9",2024-06-01,0
"M-9",2024-06-02,0
"M-9",2024-06-03,0
"M-9",2024-06-04,0
"M-9",2024-06-05,0
"M-9",2024-06-06,0
"M-9",2024-06-07,0
"M-9",2024-06-08,0
"M-9",2024-06-09,0
"M-9",2024-06-10,0
"M-9",2024-06-11,0
"M-9",2024-06-12,0
"M-9",2024-06-13,0
"M-9",2024-06-14,0
"M-9",2024-06-15,0
"M-9",2024-06-16,0
"M-9",2024-06-17,0
"M-9",2024-06-18,0
"M-9",2024-06-19,0
"M-9",2024-06-20,0
"M-9",2024-06-21,0
"M-9",2024-06-22,0
"M-9",2024-06-23,0
"M-9",2024-06-24,0
"M-9",2024-06-25,0
"M-9",2024-06-26,0
"M-9",2024-06-27,0
"M-9",2024-06-28,0
"O-1",2024-03-10,2
"O-1",2024-03-11,7
"O-1",2024-03-12,1
"O-1",2024-03-13,4
"O-1",2024-03-14,3
"O-1",2024-03-15,0
"O-1",2024-03-16,0
"O-1",2024-03-17,2
"O-1",2024-03-18,12
"O-1",2024-03-19,1
"O-1",2024-03-20,2
"O-1",2024-03-21,9
"O-1",2024-03-22,0
"O-1",2024-03-23,1
"O-1",2024-03-24,5
"O-1",2024-03-25,12
"O-1",2024-03-26,5
"O-1",2024-03-27,10
"O-1",2024-03-28,5
"O-1",2024-03-29,17
"O-1",2024-03-30,97
"O-1",2024-03-31,27
"O-1",2024-04-01,88
"O-1",2024-04-02,61
"O-1",2024-04-03,27
"O-1",2024-04-04,44
"O-1",2024-04-05,6
"O-1",2024-04-06,69
"O-1",2024-04-07,28
"O-1",2024-04-08,12
"O-1",2024-04-09,2
"O-1",2024-04-10,0
"O-1",2024-04-11,9
"O-1",2024-04-12,1
"O-1",2024-04-13,9
"O-1",2024-04-14,1
"O-1",2024-04-15,0
"O-1",2024-04-16,68
"O-1",2024-04-17,26
"O-1",2024-04-18,3
"O-1",2024-04-19,27
"O-1",2024-04-20,77
"O-1",2024-04-21,0
"O-1",2024-04-22,10
"O-1",2024-04-23,7
"O-1",2024-04-24,8
"O-1",2024-04-25,0
"O-1",2024-04-26,2
"O-1",2024-04-27,7
"O-1",2024-04-28,0
"O-1",2024-04-29,0
"O-1",2024-04-30,1
"O-1",2024-05-01,1
"O-1",2024-05-02,0
"O-1",2024-05-03,0
"O-1",2024-05-04,3
"O-1",2024-05-05,3
"O-1",2024-05-06,1
"O-1",2024-05-07,0
"O-1",2024-05-08,1
"O-1",2024-05-09,1
"O-1",2024-05-10,0
"O-1",2024-05-11,2
"O-1",2024-05-12,0
"O-1",2024-05-13,2
"O-1",2024-05-14,0
"O-1",2024-05-15,0
"O-1",2024-05-16,0
"O-1",2024-05-17,0
"O-1",2024-05-18,0
"O-1",2024-05-19,1
"O-1",2024-05-20,4
"O-1",2024-05-21,5
"O-1",2024-05-22,0
"O-1",2024-05-23,2
"O-1",2024-05-24,5
"O-1",2024-05-25,2
"O-1",2024-05-26,4
"O-1",2024-05-27,1
"O-1",2024-05-28,12
"O-1",2024-05-29,16
"O-1",2024-05-30,0
"O-1",2024-05-31,0
"O-1",2024-06-01,0
"O-1",2024-06-02,0
"O-1",2024-06-03,0
"O-1",2024-06-04,1
"O-1",2024-06-05,0
"O-1",2024-06-06,0
"O-1",2024-06-07,0
"O-1",2024-06-08,5
"O-1",2024-06-09,5
"O-1",2024-06-10,15
"O-1",2024-06-11,5
"O-1",2024-06-12,0
"O-1",2024-06-13,0
"O-1",2024-06-14,3
"O-1",2024-06-15,3
"O-1",2024-06-16,1
"O-1",2024-06-17,0
"O-1",2024-06-18,17
"O-1",2024-06-19,3
"O-1",2024-06-20,23
"O-1",2024-06-21,2
"O-1",2024-06-22,0
"O-1",2024-06-23,0
"O-1",2024-06-24,24
"O-1",2024-06-25,0
"O-1",2024-06-26,2
"O-1",2024-06-27,0
"O-1",2024-06-28,0
"O-2",2024-03-10,120
"O-2",2024-03-11,46
"O-2",2024-03-12,114
"O-2",2024-03-13,69
"O-2",2024-03-14,93
"O-2",2024-03-15,12
"O-2",2024-03-16,6
"O-2",2024-03-17,0
"O-2",2024-03-18,19
"O-2",2024-03-19,22
"O-2",2024-03-20,6
"O-2",2024-03-21,21
"O-2",2024-03-22,47
"O-2",2024-03-23,0
"O-2",2024-03-24,0
"O-2",2024-03-25,13
"O-2",2024-03-26,1
"O-2",2024-03-27,0
"O-2",2024-03-28,3
"O-2",2024-03-29,0
"O-2",2024-03-30,11
"O-2",2024-03-31,27
"O-2",2024-04-01,0
"O-2",2024-04-02,11
"O-2",2024-04-03,6
"O-2",2024-04-04,18
"O-2",2024-04-05,3
"O-2",2024-04-06,8
"O-2",2024-04-07,7
"O-2",2024-04-08,3
"O-2",2024-04-09,0
"O-2",2024-04-10,5
"O-2",2024-04-11,8
"O-2",2024-04-12,26
"O-2",2024-04-13,42
"O-2",2024-04-14,8
"O-2",2024-04-15,3
"O-2",2024-04-16,6
"O-2",2024-04-17,0
"O-2",2024-04-18,26
"O-2",2024-04-19,0
"O-2",2024-04-20,0
"O-2",2024-04-21,58
"O-2",2024-04-22,0
"O-2",2024-04-23,13
"O-2",2024-04-24,8
"O-2",2024-04-25,24
"O-2",2024-04-26,0
"O-2",2024-04-27,15
"O-2",2024-04-28,6
"O-2",2024-04-29,0
"O-2",2024-04-30,1
"O-2",2024-05-01,33
"O-2",2024-05-02,0
"O-2",2024-05-03,12
"O-2",2024-05-04,1
"O-2",2024-05-05,0
"O-2",2024-05-06,1
"O-2",2024-05-07,0
"O-2",2024-05-08,2
"O-2",2024-05-09,0
"O-2",2024-05-10,10
"O-2",2024-05-11,1
"O-2",2024-05-12,0
"O-2",2024-05-13,1
"O-2",2024-05-14,7
"O-2",2024-05-15,19
"O-2",2024-05-16,29
"O-2",2024-05-17,2
"O-2",2024-05-18,1
"O-2",2024-05-19,48
"O-2",2024-05-20,48
"O-2",2024-05-21,7
"O-2",2024-05-22,0
"O-2",2024-05-23,0
"O-2",2024-05-24,2
"O-2",2024-05-25,17
"O-2",2024-05-26,25
"O-2",2024-05-27,31
"O-2",2024-05-28,0
"O-2",2024-05-29,0
"O-2",2024-05-30,0
"O-2",2024-05-31,0
"O-2",2024-06-01,11
"O-2",2024-06-02,20
"O-2",2024-06-03,20
"O-2",2024-06-04,26
"O-2",2024-06-05,26
"O-2",2024-06-06,35
"O-2",2024-06-07,13
"O-2",2024-06-08,132
"O-2",2024-06-09,66
"O-2",2024-06-10,150
"O-2",2024-06-11,111
"O-2",2024-06-12,100
"O-2",2024-06-13,26
"O-2",2024-06-14,26
"O-2",2024-06-15,81
"O-2",2024-06-16,42
"O-2",2024-06-17,53
"O-2",2024-06-18,52
"O-2",2024-06-19,18
"O-2",2024-06-20,62
"O-2",2024-06-21,66
"O-2",2024-06-22,27
"O-2",2024-06-23,3
"O-2",2024-06-24,7
"O-2",2024-06-25,29
"O-2",2024-06-26,0
"O-2",2024-06-27,0
"O-2",2024-06-28,0
"O-3",2024-03-10,0
"O-3",2024-03-11,3
"O-3",2024-03-12,0
"O-3",2024-03-13,0
"O-3",2024-03-14,0
"O-3",2024-03-15,0
"O-3",2024-03-16,0
"O-3",2024-03-17,0
"O-3",2024-03-18,1
"O-3",2024-03-19,0
"O-3",2024-03-20,0
"O-3",2024-03-21,0
"O-3",2024-03-22,0
"O-3",2024-03-23,0
"O-3",2024-03-24,0
"O-3",2024-03-25,0
"O-3",2024-03-26,0
"O-3",2024-03-27,0
"O-3",2024-03-28,0
"O-3",2024-03-29,0
"O-3",2024-03-30,3
"O-3",2024-03-31,7
"O-3",2024-04-01,0
"O-3",2024-04-02,0
"O-3",2024-04-03,0
"O-3",2024-04-04,1
"O-3",2024-04-05,0
"O-3",2024-04-06,2
"O-3",2024-04-07,2
"O-3",2024-04-08,0
"O-3",2024-04-09,0
"O-3",2024-04-10,0
"O-3",2024-04-11,0
"O-3",2024-04-12,0
"O-3",2024-04-13,0
"O-3",2024-04-14,0
"O-3",2024-04-15,0
"O-3",2024-04-16,0
"O-3",2024-04-17,5
"O-3",2024-04-18,0
"O-3",2024-04-19,0
"O-3",2024-04-20,0
"O-3",2024-04-21,0
"O-3",2024-04-22,0
"O-3",2024-04-23,7
"O-3",2024-04-24,3
"O-3",2024-04-25,0
"O-3",2024-04-26,0
"O-3",2024-04-27,0
"O-3",2024-04-28,0
"O-3",2024-04-29,0
"O-3",2024-04-30,0
"O-3",2024-05-01,0
"O-3",2024-05-02,0
"O-3",2024-05-03,14
"O-3",2024-05-04,0
"O-3",2024-05-05,0
"O-3",2024-05-06,0
"O-3",2024-05-07,0
"O-3",2024-05-08,0
"O-3",2024-05-09,0
"O-3",2024-05-10,0
"O-3",2024-05-11,0
"O-3",2024-05-12,0
"O-3",2024-05-13,0
"O-3",2024-05-14,0
"O-3",2024-05-15,0
"O-3",2024-05-16,0
"O-3",2024-05-17,0
"O-3",2024-05-18,0
"O-3",2024-05-19,0
"O-3",2024-05-20,0
"O-3",2024-05-21,0
"O-3",2024-05-22,0
"O-3",2024-05-23,0
"O-3",2024-05-24,0
"O-3",2024-05-25,0
"O-3",2024-05-26,0
"O-3",2024-05-27,0
"O-3",2024-05-28,0
"O-3",2024-05-29,0
"O-3",2024-05-30,0
"O-3",2024-05-31,0
"O-3",2024-06-01,0
"O-3",2024-06-02,0
"O-3",2024-06-03,0
"O-3",2024-06-04,0
"O-3",2024-06-05,0
"O-3",2024-06-06,0
"O-3",2024-06-07,0
"O-3",2024-06-08,5
"O-3",2024-06-09,0
"O-3",2024-06-10,0
"O-3",2024-06-11,0
"O-3",2024-06-12,1
"O-3",2024-06-13,0
"O-3",2024-06-14,0
"O-3",2024-06-15,0
"O-3",2024-06-16,0
"O-3",2024-06-17,0
"O-3",2024-06-18,0
"O-3",2024-06-19,0
"O-3",2024-06-20,0
"O-3",2024-06-21,0
"O-3",2024-06-22,0
"O-3",2024-06-23,3
"O-3",2024-06-24,0
"O-3",2024-06-25,0
"O-3",2024-06-26,0
"O-3",2024-06-27,0
"O-3",2024-06-28,0
"O-4",2024-03-10,0
"O-4",2024-03-11,42
"O-4",2024-03-12,9
"O-4",2024-03-13,21
"O-4",2024-03-14,1
"O-4",2024-03-15,3
"O-4",2024-03-16,2
"O-4",2024-03-17,25
"O-4",2024-03-18,28
"O-4",2024-03-19,27
"O-4",2024-03-20,14
"O-4",2024-03-21,0
"O-4",2024-03-22,0
"O-4",2024-03-23,0
"O-4",2024-03-24,0
"O-4",2024-03-25,1
"O-4",2024-03-26,0
"O-4",2024-03-27,4
"O-4",2024-03-28,0
"O-4",2024-03-29,2
"O-4",2024-03-30,0
"O-4",2024-03-31,0
"O-4",2024-04-01,0
"O-4",2024-04-02,1
"O-4",2024-04-03,0
"O-4",2024-04-04,7
"O-4",2024-04-05,15
"O-4",2024-04-06,9
"O-4",2024-04-07,0
"O-4",2024-04-08,0
"O-4",2024-04-09,0
"O-4",2024-04-10,0
"O-4",2024-04-11,0
"O-4",2024-04-12,0
"O-4",2024-04-13,5
"O-4",2024-04-14,0
"O-4",2024-04-15,0
"O-4",2024-04-16,5
"O-4",2024-04-17,3
"O-4",2024-04-18,0
"O-4",2024-04-19,0
"O-4",2024-04-20,0
"O-4",2024-04-21,0
"O-4",2024-04-22,2
"O-4",2024-04-23,0
"O-4",2024-04-24,1
"O-4",2024-04-25,0
"O-4",2024-04-26,0
"O-4",2024-04-27,1
"O-4",2024-04-28,0
"O-4",2024-04-29,0
"O-4",2024-04-30,3
"O-4",2024-05-01,0
"O-4",2024-05-02,0
"O-4",2024-05-03,2
"O-4",2024-05-04,0
"O-4",2024-05-05,0
"O-4",2024-05-06,0
"O-4",2024-05-07,0
"O-4",2024-05-08,0
"O-4",2024-05-09,0
"O-4",2024-05-10,0
"O-4",2024-05-11,0
"O-4",2024-05-12,0
"O-4",2024-05-13,0
"O-4",2024-05-14,0
"O-4",2024-05-15,0
"O-4",2024-05-16,0
"O-4",2024-05-17,0
"O-4",2024-05-18,0
"O-4",2024-05-19,0
"O-4",2024-05-20,0
"O-4",2024-05-21,0
"O-4",2024-05-22,0
"O-4",2024-05-23,0
"O-4",2024-05-24,0
"O-4",2024-05-25,1
"O-4",2024-05-26,0
"O-4",2024-05-27,0
"O-4",2024-05-28,0
"O-4",2024-05-29,0
"O-4",2024-05-30,0
"O-4",2024-05-31,0
"O-4",2024-06-01,0
"O-4",2024-06-02,0
"O-4",2024-06-03,0
"O-4",2024-06-04,0
"O-4",2024-06-05,0
"O-4",2024-06-06,0
"O-4",2024-06-07,0
"O-4",2024-06-08,2
"O-4",2024-06-09,0
"O-4",2024-06-10,1
"O-4",2024-06-11,0
"O-4",2024-06-12,1
"O-4",2024-06-13,0
"O-4",2024-06-14,0
"O-4",2024-06-15,1
"O-4",2024-06-16,0
"O-4",2024-06-17,1
"O-4",2024-06-18,0
"O-4",2024-06-19,0
"O-4",2024-06-20,1
"O-4",2024-06-21,1
"O-4",2024-06-22,1
"O-4",2024-06-23,0
"O-4",2024-06-24,0
"O-4",2024-06-25,0
"O-4",2024-06-26,0
"O-4",2024-06-27,0
"O-4",2024-06-28,0
"O-5",2024-03-10,0
"O-5",2024-03-11,0
"O-5",2024-03-12,0
"O-5",2024-03-13,0
"O-5",2024-03-14,1
"O-5",2024-03-15,4
"O-5",2024-03-16,0
"O-5",2024-03-17,0
"O-5",2024-03-18,0
"O-5",2024-03-19,0
"O-5",2024-03-20,2
"O-5",2024-03-21,0
"O-5",2024-03-22,0
"O-5",2024-03-23,0
"O-5",2024-03-24,0
"O-5",2024-03-25,0
"O-5",2024-03-26,0
"O-5",2024-03-27,0
"O-5",2024-03-28,0
"O-5",2024-03-29,0
"O-5",2024-03-30,0
"O-5",2024-03-31,0
"O-5",2024-04-01,0
"O-5",2024-04-02,0
"O-5",2024-04-03,0
"O-5",2024-04-04,0
"O-5",2024-04-05,0
"O-5",2024-04-06,0
"O-5",2024-04-07,0
"O-5",2024-04-08,0
"O-5",2024-04-09,0
"O-5",2024-04-10,0
"O-5",2024-04-11,0
"O-5",2024-04-12,0
"O-5",2024-04-13,0
"O-5",2024-04-14,0
"O-5",2024-04-15,0
"O-5",2024-04-16,0
"O-5",2024-04-17,0
"O-5",2024-04-18,0
"O-5",2024-04-19,0
"O-5",2024-04-20,0
"O-5",2024-04-21,0
"O-5",2024-04-22,0
"O-5",2024-04-23,0
"O-5",2024-04-24,0
"O-5",2024-04-25,0
"O-5",2024-04-26,0
"O-5",2024-04-27,0
"O-5",2024-04-28,0
"O-5",2024-04-29,0
"O-5",2024-04-30,0
"O-5",2024-05-01,0
"O-5",2024-05-02,0
"O-5",2024-05-03,0
"O-5",2024-05-04,0
"O-5",2024-05-05,0
"O-5",2024-05-06,0
"O-5",2024-05-07,0
"O-5",2024-05-08,0
"O-5",2024-05-09,0
"O-5",2024-05-10,0
"O-5",2024-05-11,0
"O-5",2024-05-12,0
"O-5",2024-05-13,0
"O-5",2024-05-14,0
"O-5",2024-05-15,0
"O-5",2024-05-16,0
"O-5",2024-05-17,0
"O-5",2024-05-18,0
"O-5",2024-05-19,0
"O-5",2024-05-20,0
"O-5",2024-05-21,0
"O-5",2024-05-22,0
"O-5",2024-05-23,0
"O-5",2024-05-24,0
"O-5",2024-05-25,0
"O-5",2024-05-26,0
"O-5",2024-05-27,0
"O-5",2024-05-28,0
"O-5",2024-05-29,0
"O-5",2024-05-30,0
"O-5",2024-05-31,0
"O-5",2024-06-01,0
"O-5",2024-06-02,0
"O-5",2024-06-03,0
"O-5",2024-06-04,0
"O-5",2024-06-05,0
"O-5",2024-06-06,0
"O-5",2024-06-07,0
"O-5",2024-06-08,0
"O-5",2024-06-09,0
"O-5",2024-06-10,0
"O-5",2024-06-11,0
"O-5",2024-06-12,0
"O-5",2024-06-13,0
"O-5",2024-06-14,0
"O-5",2024-06-15,0
"O-5",2024-06-16,0
"O-5",2024-06-17,0
"O-5",2024-06-18,0
"O-5",2024-06-19,0
"O-5",2024-06-20,0
"O-5",2024-06-21,0
"O-5",2024-06-22,0
"O-5",2024-06-23,0
"O-5",2024-06-24,0
"O-5",2024-06-25,0
"O-5",2024-06-26,0
"O-5",2024-06-27,0
"O-5",2024-06-28,0
"O-6",2024-03-10,0
"O-6",2024-03-11,0
"O-6",2024-03-12,0
"O-6",2024-03-13,0
"O-6",2024-03-14,0
"O-6",2024-03-15,0
"O-6",2024-03-16,0
"O-6",2024-03-17,0
"O-6",2024-03-18,0
"O-6",2024-03-19,0
"O-6",2024-03-20,0
"O-6",2024-03-21,0
"O-6",2024-03-22,0
"O-6",2024-03-23,0
"O-6",2024-03-24,0
"O-6",2024-03-25,0
"O-6",2024-03-26,0
"O-6",2024-03-27,0
"O-6",2024-03-28,0
"O-6",2024-03-29,0
"O-6",2024-03-30,0
"O-6",2024-03-31,0
"O-6",2024-04-01,0
"O-6",2024-04-02,0
"O-6",2024-04-03,0
"O-6",2024-04-04,0
"O-6",2024-04-05,1
"O-6",2024-04-06,0
"O-6",2024-04-07,0
"O-6",2024-04-08,0
"O-6",2024-04-09,0
"O-6",2024-04-10,0
"O-6",2024-04-11,0
"O-6",2024-04-12,0
"O-6",2024-04-13,0
"O-6",2024-04-14,0
"O-6",2024-04-15,0
"O-6",2024-04-16,0
"O-6",2024-04-17,0
"O-6",2024-04-18,0
"O-6",2024-04-19,17
"O-6",2024-04-20,0
"O-6",2024-04-21,0
"O-6",2024-04-22,0
"O-6",2024-04-23,0
"O-6",2024-04-24,0
"O-6",2024-04-25,0
"O-6",2024-04-26,0
"O-6",2024-04-27,1
"O-6",2024-04-28,0
"O-6",2024-04-29,0
"O-6",2024-04-30,0
"O-6",2024-05-01,0
"O-6",2024-05-02,0
"O-6",2024-05-03,0
"O-6",2024-05-04,0
"O-6",2024-05-05,0
"O-6",2024-05-06,0
"O-6",2024-05-07,0
"O-6",2024-05-08,0
"O-6",2024-05-09,0
"O-6",2024-05-10,0
"O-6",2024-05-11,0
"O-6",2024-05-12,0
"O-6",2024-05-13,0
"O-6",2024-05-14,0
"O-6",2024-05-15,0
"O-6",2024-05-16,0
"O-6",2024-05-17,0
"O-6",2024-05-18,0
"O-6",2024-05-19,0
"O-6",2024-05-20,0
"O-6",2024-05-21,0
"O-6",2024-05-22,0
"O-6",2024-05-23,0
"O-6",2024-05-24,0
"O-6",2024-05-25,0
"O-6",2024-05-26,0
"O-6",2024-05-27,0
"O-6",2024-05-28,0
"O-6",2024-05-29,0
"O-6",2024-05-30,0
"O-6",2024-05-31,0
"O-6",2024-06-01,0
"O-6",2024-06-02,0
"O-6",2024-06-03,0
"O-6",2024-06-04,0
"O-6",2024-06-05,0
"O-6",2024-06-06,0
"O-6",2024-06-07,0
"O-6",2024-06-08,0
"O-6",2024-06-09,0
"O-6",2024-06-10,0
"O-6",2024-06-11,0
"O-6",2024-06-12,0
"O-6",2024-06-13,0
"O-6",2024-06-14,0
"O-6",2024-06-15,0
"O-6",2024-06-16,0
"O-6",2024-06-17,0
"O-6",2024-06-18,0
"O-6",2024-06-19,0
"O-6",2024-06-20,0
"O-6",2024-06-21,0
"O-6",2024-06-22,0
"O-6",2024-06-23,0
"O-6",2024-06-24,0
"O-6",2024-06-25,0
"O-6",2024-06-26,0
"O-6",2024-06-27,0
"O-6",2024-06-28,0
"O-7",2024-03-10,1
"O-7",2024-03-11,7
"O-7",2024-03-12,0
"O-7",2024-03-13,3
"O-7",2024-03-14,0
"O-7",2024-03-15,0
"O-7",2024-03-16,0
"O-7",2024-03-17,0
"O-7",2024-03-18,0
"O-7",2024-03-19,4
"O-7",2024-03-20,0
"O-7",2024-03-21,1
"O-7",2024-03-22,0
"O-7",2024-03-23,0
"O-7",2024-03-24,0
"O-7",2024-03-25,0
"O-7",2024-03-26,0
"O-7",2024-03-27,2
"O-7",2024-03-28,0
"O-7",2024-03-29,1
"O-7",2024-03-30,1
"O-7",2024-03-31,2
"O-7",2024-04-01,0
"O-7",2024-04-02,0
"O-7",2024-04-03,0
"O-7",2024-04-04,0
"O-7",2024-04-05,1
"O-7",2024-04-06,6
"O-7",2024-04-07,1
"O-7",2024-04-08,1
"O-7",2024-04-09,1
"O-7",2024-04-10,0
"O-7",2024-04-11,0
"O-7",2024-04-12,0
"O-7",2024-04-13,3
"O-7",2024-04-14,1
"O-7",2024-04-15,0
"O-7",2024-04-16,0
"O-7",2024-04-17,0
"O-7",2024-04-18,0
"O-7",2024-04-19,0
"O-7",2024-04-20,0
"O-7",2024-04-21,0
"O-7",2024-04-22,0
"O-7",2024-04-23,0
"O-7",2024-04-24,0
"O-7",2024-04-25,0
"O-7",2024-04-26,0
"O-7",2024-04-27,0
"O-7",2024-04-28,0
"O-7",2024-04-29,0
"O-7",2024-04-30,0
"O-7",2024-05-01,0
"O-7",2024-05-02,2
"O-7",2024-05-03,19
"O-7",2024-05-04,0
"O-7",2024-05-05,0
"O-7",2024-05-06,0
"O-7",2024-05-07,0
"O-7",2024-05-08,0
"O-7",2024-05-09,0
"O-7",2024-05-10,0
"O-7",2024-05-11,0
"O-7",2024-05-12,0
"O-7",2024-05-13,2
"O-7",2024-05-14,33
"O-7",2024-05-15,3
"O-7",2024-05-16,62
"O-7",2024-05-17,41
"O-7",2024-05-18,36
"O-7",2024-05-19,6
"O-7",2024-05-20,5
"O-7",2024-05-21,0
"O-7",2024-05-22,82
"O-7",2024-05-23,49
"O-7",2024-05-24,49
"O-7",2024-05-25,26
"O-7",2024-05-26,51
"O-7",2024-05-27,73
"O-7",2024-05-28,11
"O-7",2024-05-29,8
"O-7",2024-05-30,3
"O-7",2024-05-31,0
"O-7",2024-06-01,0
"O-7",2024-06-02,3
"O-7",2024-06-03,0
"O-7",2024-06-04,0
"O-7",2024-06-05,0
"O-7",2024-06-06,0
"O-7",2024-06-07,0
"O-7",2024-06-08,0
"O-7",2024-06-09,0
"O-7",2024-06-10,0
"O-7",2024-06-11,0
"O-7",2024-06-12,0
"O-7",2024-06-13,0
"O-7",2024-06-14,0
"O-7",2024-06-15,0
"O-7",2024-06-16,0
"O-7",2024-06-17,0
"O-7",2024-06-18,0
"O-7",2024-06-19,0
"O-7",2024-06-20,0
"O-7",2024-06-21,1
"O-7",2024-06-22,0
"O-7",2024-06-23,0
"O-7",2024-06-24,0
"O-7",2024-06-25,0
"O-7",2024-06-26,0
"O-7",2024-06-27,0
"O-7",2024-06-28,0
"O-8",2024-03-10,0
"O-8",2024-03-11,0
"O-8",2024-03-12,0
"O-8",2024-03-13,0
"O-8",2024-03-14,0
"O-8",2024-03-15,0
"O-8",2024-03-16,0
"O-8",2024-03-17,0
"O-8",2024-03-18,0
"O-8",2024-03-19,0
"O-8",2024-03-20,0
"O-8",2024-03-21,0
"O-8",2024-03-22,0
"O-8",2024-03-23,0
"O-8",2024-03-24,0
"O-8",2024-03-25,0
"O-8",2024-03-26,0
"O-8",2024-03-27,0
"O-8",2024-03-28,0
"O-8",2024-03-29,0
"O-8",2024-03-30,0
"O-8",2024-03-31,0
"O-8",2024-04-01,0
"O-8",2024-04-02,0
"O-8",2024-04-03,0
"O-8",2024-04-04,0
"O-8",2024-04-05,0
"O-8",2024-04-06,0
"O-8",2024-04-07,0
"O-8",2024-04-08,0
"O-8",2024-04-09,0
"O-8",2024-04-10,0
"O-8",2024-04-11,0
"O-8",2024-04-12,0
"O-8",2024-04-13,0
"O-8",2024-04-14,0
"O-8",2024-04-15,0
"O-8",2024-04-16,0
"O-8",2024-04-17,0
"O-8",2024-04-18,0
"O-8",2024-04-19,0
"O-8",2024-04-20,0
"O-8",2024-04-21,0
"O-8",2024-04-22,0
"O-8",2024-04-23,0
"O-8",2024-04-24,0
"O-8",2024-04-25,0
"O-8",2024-04-26,0
"O-8",2024-04-27,0
"O-8",2024-04-28,0
"O-8",2024-04-29,0
"O-8",2024-04-30,0
"O-8",2024-05-01,0
"O-8",2024-05-02,0
"O-8",2024-05-03,0
"O-8",2024-05-04,0
"O-8",2024-05-05,0
"O-8",2024-05-06,0
"O-8",2024-05-07,0
"O-8",2024-05-08,0
"O-8",2024-05-09,0
"O-8",2024-05-10,0
"O-8",2024-05-11,0
"O-8",2024-05-12,0
"O-8",2024-05-13,0
"O-8",2024-05-14,0
"O-8",2024-05-15,0
"O-8",2024-05-16,0
"O-8",2024-05-17,0
"O-8",2024-05-18,0
"O-8",2024-05-19,0
"O-8",2024-05-20,0
"O-8",2024-05-21,0
"O-8",2024-05-22,0
"O-8",2024-05-23,0
"O-8",2024-05-24,0
"O-8",2024-05-25,0
"O-8",2024-05-26,0
"O-8",2024-05-27,0
"O-8",2024-05-28,0
"O-8",2024-05-29,0
"O-8",2024-05-30,0
"O-8",2024-05-31,0
"O-8",2024-06-01,0
"O-8",2024-06-02,0
"O-8",2024-06-03,0
"O-8",2024-06-04,0
"O-8",2024-06-05,0
"O-8",2024-06-06,0
"O-8",2024-06-07,0
"O-8",2024-06-08,0
"O-8",2024-06-09,0
"O-8",2024-06-10,0
"O-8",2024-06-11,0
"O-8",2024-06-12,0
"O-8",2024-06-13,0
"O-8",2024-06-14,0
"O-8",2024-06-15,0
"O-8",2024-06-16,0
"O-8",2024-06-17,0
"O-8",2024-06-18,0
"O-8",2024-06-19,0
"O-8",2024-06-20,0
"O-8",2024-06-21,0
"O-8",2024-06-22,0
"O-8",2024-06-23,0
"O-8",2024-06-24,0
"O-8",2024-06-25,0
"O-8",2024-06-26,0
"O-8",2024-06-27,0
"O-8",2024-06-28,0
"R-1",2024-03-10,0
"R-1",2024-03-11,0
"R-1",2024-03-12,0
"R-1",2024-03-13,0
"R-1",2024-03-14,0
"R-1",2024-03-15,0
"R-1",2024-03-16,0
"R-1",2024-03-17,0
"R-1",2024-03-18,0
"R-1",2024-03-19,0
"R-1",2024-03-20,0
"R-1",2024-03-21,0
"R-1",2024-03-22,0
"R-1",2024-03-23,0
"R-1",2024-03-24,0
"R-1",2024-03-25,0
"R-1",2024-03-26,0
"R-1",2024-03-27,0
"R-1",2024-03-28,0
"R-1",2024-03-29,0
"R-1",2024-03-30,0
"R-1",2024-03-31,0
"R-1",2024-04-01,0
"R-1",2024-04-02,0
"R-1",2024-04-03,0
"R-1",2024-04-04,0
"R-1",2024-04-05,0
"R-1",2024-04-06,0
"R-1",2024-04-07,0
"R-1",2024-04-08,0
"R-1",2024-04-09,0
"R-1",2024-04-10,0
"R-1",2024-04-11,0
"R-1",2024-04-12,0
"R-1",2024-04-13,0
"R-1",2024-04-14,0
"R-1",2024-04-15,0
"R-1",2024-04-16,0
"R-1",2024-04-17,0
"R-1",2024-04-18,0
"R-1",2024-04-19,0
"R-1",2024-04-20,7
"R-1",2024-04-21,24
"R-1",2024-04-22,7
"R-1",2024-04-23,13
"R-1",2024-04-24,0
"R-1",2024-04-25,27
"R-1",2024-04-26,13
"R-1",2024-04-27,0
"R-1",2024-04-28,3
"R-1",2024-04-29,18
"R-1",2024-04-30,2
"R-1",2024-05-01,0
"R-1",2024-05-02,0
"R-1",2024-05-03,10
"R-1",2024-05-04,32
"R-1",2024-05-05,0
"R-1",2024-05-06,0
"R-1",2024-05-07,0
"R-1",2024-05-08,0
"R-1",2024-05-09,0
"R-1",2024-05-10,0
"R-1",2024-05-11,38
"R-1",2024-05-12,49
"R-1",2024-05-13,3
"R-1",2024-05-14,1
"R-1",2024-05-15,0
"R-1",2024-05-16,0
"R-1",2024-05-17,0
"R-1",2024-05-18,0
"R-1",2024-05-19,0
"R-1",2024-05-20,0
"R-1",2024-05-21,0
"R-1",2024-05-22,0
"R-1",2024-05-23,0
"R-1",2024-05-24,0
"R-1",2024-05-25,1
"R-1",2024-05-26,0
"R-1",2024-05-27,0
"R-1",2024-05-28,0
"R-1",2024-05-29,0
"R-1",2024-05-30,0
"R-1",2024-05-31,0
"R-1",2024-06-01,0
"R-1",2024-06-02,0
"R-1",2024-06-03,0
"R-1",2024-06-04,0
"R-1",2024-06-05,0
"R-1",2024-06-06,0
"R-1",2024-06-07,0
"R-1",2024-06-08,0
"R-1",2024-06-09,0
"R-1",2024-06-10,0
"R-1",2024-06-11,0
"R-1",2024-06-12,0
"R-1",2024-06-13,0
"R-1",2024-06-14,1
"R-1",2024-06-15,0
"R-1",2024-06-16,0
"R-1",2024-06-17,0
"R-1",2024-06-18,31
"R-1",2024-06-19,1
"R-1",2024-06-20,1
"R-1",2024-06-21,2
"R-1",2024-06-22,0
"R-1",2024-06-23,1
"R-1",2024-06-24,0
"R-1",2024-06-25,0
"R-1",2024-06-26,0
"R-1",2024-06-27,0
"R-1",2024-06-28,0
"R-10",2024-03-10,0
"R-10",2024-03-11,1
"R-10",2024-03-12,0
"R-10",2024-03-13,0
"R-10",2024-03-14,0
"R-10",2024-03-15,0
"R-10",2024-03-16,0
"R-10",2024-03-17,0
"R-10",2024-03-18,0
"R-10",2024-03-19,0
"R-10",2024-03-20,0
"R-10",2024-03-21,0
"R-10",2024-03-22,1
"R-10",2024-03-23,0
"R-10",2024-03-24,0
"R-10",2024-03-25,0
"R-10",2024-03-26,0
"R-10",2024-03-27,0
"R-10",2024-03-28,0
"R-10",2024-03-29,0
"R-10",2024-03-30,0
"R-10",2024-03-31,0
"R-10",2024-04-01,0
"R-10",2024-04-02,0
"R-10",2024-04-03,0
"R-10",2024-04-04,0
"R-10",2024-04-05,0
"R-10",2024-04-06,0
"R-10",2024-04-07,0
"R-10",2024-04-08,0
"R-10",2024-04-09,0
"R-10",2024-04-10,0
"R-10",2024-04-11,0
"R-10",2024-04-12,0
"R-10",2024-04-13,1
"R-10",2024-04-14,1
"R-10",2024-04-15,0
"R-10",2024-04-16,0
"R-10",2024-04-17,0
"R-10",2024-04-18,0
"R-10",2024-04-19,0
"R-10",2024-04-20,0
"R-10",2024-04-21,0
"R-10",2024-04-22,0
"R-10",2024-04-23,0
"R-10",2024-04-24,0
"R-10",2024-04-25,1
"R-10",2024-04-26,0
"R-10",2024-04-27,0
"R-10",2024-04-28,20
"R-10",2024-04-29,0
"R-10",2024-04-30,0
"R-10",2024-05-01,0
"R-10",2024-05-02,0
"R-10",2024-05-03,0
"R-10",2024-05-04,0
"R-10",2024-05-05,0
"R-10",2024-05-06,0
"R-10",2024-05-07,0
"R-10",2024-05-08,0
"R-10",2024-05-09,0
"R-10",2024-05-10,0
"R-10",2024-05-11,0
"R-10",2024-05-12,0
"R-10",2024-05-13,0
"R-10",2024-05-14,0
"R-10",2024-05-15,0
"R-10",2024-05-16,0
"R-10",2024-05-17,0
"R-10",2024-05-18,0
"R-10",2024-05-19,0
"R-10",2024-05-20,0
"R-10",2024-05-21,0
"R-10",2024-05-22,0
"R-10",2024-05-23,0
"R-10",2024-05-24,0
"R-10",2024-05-25,0
"R-10",2024-05-26,0
"R-10",2024-05-27,0
"R-10",2024-05-28,0
"R-10",2024-05-29,0
"R-10",2024-05-30,0
"R-10",2024-05-31,0
"R-10",2024-06-01,0
"R-10",2024-06-02,0
"R-10",2024-06-03,0
"R-10",2024-06-04,0
"R-10",2024-06-05,0
"R-10",2024-06-06,0
"R-10",2024-06-07,0
"R-10",2024-06-08,0
"R-10",2024-06-09,0
"R-10",2024-06-10,0
"R-10",2024-06-11,0
"R-10",2024-06-12,0
"R-10",2024-06-13,0
"R-10",2024-06-14,0
"R-10",2024-06-15,0
"R-10",2024-06-16,0
"R-10",2024-06-17,0
"R-10",2024-06-18,0
"R-10",2024-06-19,0
"R-10",2024-06-20,0
"R-10",2024-06-21,0
"R-10",2024-06-22,0
"R-10",2024-06-23,0
"R-10",2024-06-24,0
"R-10",2024-06-25,0
"R-10",2024-06-26,0
"R-10",2024-06-27,0
"R-10",2024-06-28,0
"R-11",2024-03-10,0
"R-11",2024-03-11,0
"R-11",2024-03-12,0
"R-11",2024-03-13,0
"R-11",2024-03-14,0
"R-11",2024-03-15,0
"R-11",2024-03-16,0
"R-11",2024-03-17,0
"R-11",2024-03-18,0
"R-11",2024-03-19,0
"R-11",2024-03-20,0
"R-11",2024-03-21,0
"R-11",2024-03-22,0
"R-11",2024-03-23,0
"R-11",2024-03-24,0
"R-11",2024-03-25,0
"R-11",2024-03-26,0
"R-11",2024-03-27,0
"R-11",2024-03-28,0
"R-11",2024-03-29,0
"R-11",2024-03-30,0
"R-11",2024-03-31,0
"R-11",2024-04-01,0
"R-11",2024-04-02,0
"R-11",2024-04-03,0
"R-11",2024-04-04,0
"R-11",2024-04-05,0
"R-11",2024-04-06,0
"R-11",2024-04-07,0
"R-11",2024-04-08,0
"R-11",2024-04-09,0
"R-11",2024-04-10,0
"R-11",2024-04-11,0
"R-11",2024-04-12,0
"R-11",2024-04-13,0
"R-11",2024-04-14,0
"R-11",2024-04-15,0
"R-11",2024-04-16,0
"R-11",2024-04-17,0
"R-11",2024-04-18,0
"R-11",2024-04-19,0
"R-11",2024-04-20,0
"R-11",2024-04-21,0
"R-11",2024-04-22,1
"R-11",2024-04-23,0
"R-11",2024-04-24,3
"R-11",2024-04-25,7
"R-11",2024-04-26,7
"R-11",2024-04-27,7
"R-11",2024-04-28,4
"R-11",2024-04-29,16
"R-11",2024-04-30,0
"R-11",2024-05-01,0
"R-11",2024-05-02,0
"R-11",2024-05-03,2
"R-11",2024-05-04,0
"R-11",2024-05-05,0
"R-11",2024-05-06,0
"R-11",2024-05-07,0
"R-11",2024-05-08,0
"R-11",2024-05-09,0
"R-11",2024-05-10,0
"R-11",2024-05-11,0
"R-11",2024-05-12,7
"R-11",2024-05-13,1
"R-11",2024-05-14,0
"R-11",2024-05-15,28
"R-11",2024-05-16,38
"R-11",2024-05-17,3
"R-11",2024-05-18,0
"R-11",2024-05-19,14
"R-11",2024-05-20,0
"R-11",2024-05-21,32
"R-11",2024-05-22,16
"R-11",2024-05-23,5
"R-11",2024-05-24,33
"R-11",2024-05-25,3
"R-11",2024-05-26,5
"R-11",2024-05-27,10
"R-11",2024-05-28,16
"R-11",2024-05-29,0
"R-11",2024-05-30,19
"R-11",2024-05-31,5
"R-11",2024-06-01,1
"R-11",2024-06-02,0
"R-11",2024-06-03,1
"R-11",2024-06-04,0
"R-11",2024-06-05,0
"R-11",2024-06-06,5
"R-11",2024-06-07,6
"R-11",2024-06-08,0
"R-11",2024-06-09,4
"R-11",2024-06-10,0
"R-11",2024-06-11,1
"R-11",2024-06-12,2
"R-11",2024-06-13,24
"R-11",2024-06-14,4
"R-11",2024-06-15,47
"R-11",2024-06-16,9
"R-11",2024-06-17,18
"R-11",2024-06-18,0
"R-11",2024-06-19,25
"R-11",2024-06-20,10
"R-11",2024-06-21,4
"R-11",2024-06-22,3
"R-11",2024-06-23,21
"R-11",2024-06-24,16
"R-11",2024-06-25,0
"R-11",2024-06-26,6
"R-11",2024-06-27,13
"R-11",2024-06-28,18
"R-12",2024-03-10,0
"R-12",2024-03-11,0
"R-12",2024-03-12,0
"R-12",2024-03-13,1
"R-12",2024-03-14,4
"R-12",2024-03-15,0
"R-12",2024-03-16,1
"R-12",2024-03-17,0
"R-12",2024-03-18,0
"R-12",2024-03-19,0
"R-12",2024-03-20,0
"R-12",2024-03-21,1
"R-12",2024-03-22,0
"R-12",2024-03-23,2
"R-12",2024-03-24,0
"R-12",2024-03-25,0
"R-12",2024-03-26,0
"R-12",2024-03-27,0
"R-12",2024-03-28,0
"R-12",2024-03-29,1
"R-12",2024-03-30,0
"R-12",2024-03-31,1
"R-12",2024-04-01,1
"R-12",2024-04-02,1
"R-12",2024-04-03,1
"R-12",2024-04-04,0
"R-12",2024-04-05,1
"R-12",2024-04-06,8
"R-12",2024-04-07,0
"R-12",2024-04-08,1
"R-12",2024-04-09,1
"R-12",2024-04-10,0
"R-12",2024-04-11,0
"R-12",2024-04-12,0
"R-12",2024-04-13,1
"R-12",2024-04-14,0
"R-12",2024-04-15,0
"R-12",2024-04-16,0
"R-12",2024-04-17,0
"R-12",2024-04-18,0
"R-12",2024-04-19,0
"R-12",2024-04-20,1
"R-12",2024-04-21,0
"R-12",2024-04-22,0
"R-12",2024-04-23,0
"R-12",2024-04-24,0
"R-12",2024-04-25,0
"R-12",2024-04-26,0
"R-12",2024-04-27,0
"R-12",2024-04-28,2
"R-12",2024-04-29,0
"R-12",2024-04-30,2
"R-12",2024-05-01,0
"R-12",2024-05-02,0
"R-12",2024-05-03,0
"R-12",2024-05-04,2
"R-12",2024-05-05,0
"R-12",2024-05-06,0
"R-12",2024-05-07,0
"R-12",2024-05-08,0
"R-12",2024-05-09,0
"R-12",2024-05-10,0
"R-12",2024-05-11,0
"R-12",2024-05-12,0
"R-12",2024-05-13,0
"R-12",2024-05-14,0
"R-12",2024-05-15,0
"R-12",2024-05-16,0
"R-12",2024-05-17,0
"R-12",2024-05-18,0
"R-12",2024-05-19,0
"R-12",2024-05-20,0
"R-12",2024-05-21,0
"R-12",2024-05-22,0
"R-12",2024-05-23,0
"R-12",2024-05-24,0
"R-12",2024-05-25,0
"R-12",2024-05-26,0
"R-12",2024-05-27,0
"R-12",2024-05-28,0
"R-12",2024-05-29,0
"R-12",2024-05-30,0
"R-12",2024-05-31,0
"R-12",2024-06-01,0
"R-12",2024-06-02,0
"R-12",2024-06-03,0
"R-12",2024-06-04,0
"R-12",2024-06-05,0
"R-12",2024-06-06,0
"R-12",2024-06-07,0
"R-12",2024-06-08,0
"R-12",2024-06-09,0
"R-12",2024-06-10,0
"R-12",2024-06-11,0
"R-12",2024-06-12,0
"R-12",2024-06-13,3
"R-12",2024-06-14,0
"R-12",2024-06-15,2
"R-12",2024-06-16,0
"R-12",2024-06-17,0
"R-12",2024-06-18,0
"R-12",2024-06-19,0
"R-12",2024-06-20,0
"R-12",2024-06-21,1
"R-12",2024-06-22,0
"R-12",2024-06-23,0
"R-12",2024-06-24,0
"R-12",2024-06-25,0
"R-12",2024-06-26,0
"R-12",2024-06-27,0
"R-12",2024-06-28,0
"R-13",2024-03-10,0
"R-13",2024-03-11,0
"R-13",2024-03-12,0
"R-13",2024-03-13,0
"R-13",2024-03-14,0
"R-13",2024-03-15,0
"R-13",2024-03-16,0
"R-13",2024-03-17,0
"R-13",2024-03-18,0
"R-13",2024-03-19,0
"R-13",2024-03-20,0
"R-13",2024-03-21,0
"R-13",2024-03-22,0
"R-13",2024-03-23,0
"R-13",2024-03-24,0
"R-13",2024-03-25,0
"R-13",2024-03-26,0
"R-13",2024-03-27,0
"R-13",2024-03-28,0
"R-13",2024-03-29,0
"R-13",2024-03-30,0
"R-13",2024-03-31,0
"R-13",2024-04-01,0
"R-13",2024-04-02,0
"R-13",2024-04-03,0
"R-13",2024-04-04,0
"R-13",2024-04-05,0
"R-13",2024-04-06,0
"R-13",2024-04-07,0
"R-13",2024-04-08,0
"R-13",2024-04-09,0
"R-13",2024-04-10,0
"R-13",2024-04-11,0
"R-13",2024-04-12,0
"R-13",2024-04-13,0
"R-13",2024-04-14,0
"R-13",2024-04-15,0
"R-13",2024-04-16,0
"R-13",2024-04-17,0
"R-13",2024-04-18,0
"R-13",2024-04-19,1
"R-13",2024-04-20,1
"R-13",2024-04-21,0
"R-13",2024-04-22,0
"R-13",2024-04-23,0
"R-13",2024-04-24,2
"R-13",2024-04-25,0
"R-13",2024-04-26,0
"R-13",2024-04-27,6
"R-13",2024-04-28,0
"R-13",2024-04-29,2
"R-13",2024-04-30,1
"R-13",2024-05-01,0
"R-13",2024-05-02,0
"R-13",2024-05-03,0
"R-13",2024-05-04,0
"R-13",2024-05-05,0
"R-13",2024-05-06,0
"R-13",2024-05-07,0
"R-13",2024-05-08,0
"R-13",2024-05-09,0
"R-13",2024-05-10,0
"R-13",2024-05-11,4
"R-13",2024-05-12,0
"R-13",2024-05-13,0
"R-13",2024-05-14,0
"R-13",2024-05-15,0
"R-13",2024-05-16,0
"R-13",2024-05-17,0
"R-13",2024-05-18,0
"R-13",2024-05-19,0
"R-13",2024-05-20,0
"R-13",2024-05-21,0
"R-13",2024-05-22,0
"R-13",2024-05-23,0
"R-13",2024-05-24,0
"R-13",2024-05-25,0
"R-13",2024-05-26,0
"R-13",2024-05-27,0
"R-13",2024-05-28,0
"R-13",2024-05-29,0
"R-13",2024-05-30,3
"R-13",2024-05-31,2
"R-13",2024-06-01,1
"R-13",2024-06-02,0
"R-13",2024-06-03,0
"R-13",2024-06-04,1
"R-13",2024-06-05,0
"R-13",2024-06-06,0
"R-13",2024-06-07,0
"R-13",2024-06-08,0
"R-13",2024-06-09,0
"R-13",2024-06-10,0
"R-13",2024-06-11,0
"R-13",2024-06-12,0
"R-13",2024-06-13,0
"R-13",2024-06-14,0
"R-13",2024-06-15,0
"R-13",2024-06-16,0
"R-13",2024-06-17,0
"R-13",2024-06-18,0
"R-13",2024-06-19,0
"R-13",2024-06-20,0
"R-13",2024-06-21,0
"R-13",2024-06-22,0
"R-13",2024-06-23,0
"R-13",2024-06-24,0
"R-13",2024-06-25,1
"R-13",2024-06-26,0
"R-13",2024-06-27,0
"R-13",2024-06-28,0
"R-2",2024-03-10,0
"R-2",2024-03-11,0
"R-2",2024-03-12,0
"R-2",2024-03-13,0
"R-2",2024-03-14,0
"R-2",2024-03-15,0
"R-2",2024-03-16,0
"R-2",2024-03-17,0
"R-2",2024-03-18,0
"R-2",2024-03-19,0
"R-2",2024-03-20,0
"R-2",2024-03-21,0
"R-2",2024-03-22,0
"R-2",2024-03-23,0
"R-2",2024-03-24,0
"R-2",2024-03-25,0
"R-2",2024-03-26,0
"R-2",2024-03-27,0
"R-2",2024-03-28,0
"R-2",2024-03-29,0
"R-2",2024-03-30,0
"R-2",2024-03-31,0
"R-2",2024-04-01,0
"R-2",2024-04-02,0
"R-2",2024-04-03,0
"R-2",2024-04-04,0
"R-2",2024-04-05,0
"R-2",2024-04-06,0
"R-2",2024-04-07,0
"R-2",2024-04-08,0
"R-2",2024-04-09,0
"R-2",2024-04-10,0
"R-2",2024-04-11,0
"R-2",2024-04-12,0
"R-2",2024-04-13,0
"R-2",2024-04-14,0
"R-2",2024-04-15,0
"R-2",2024-04-16,0
"R-2",2024-04-17,0
"R-2",2024-04-18,0
"R-2",2024-04-19,0
"R-2",2024-04-20,0
"R-2",2024-04-21,0
"R-2",2024-04-22,0
"R-2",2024-04-23,0
"R-2",2024-04-24,3
"R-2",2024-04-25,2
"R-2",2024-04-26,0
"R-2",2024-04-27,1
"R-2",2024-04-28,0
"R-2",2024-04-29,7
"R-2",2024-04-30,0
"R-2",2024-05-01,2
"R-2",2024-05-02,2
"R-2",2024-05-03,1
"R-2",2024-05-04,0
"R-2",2024-05-05,0
"R-2",2024-05-06,0
"R-2",2024-05-07,2
"R-2",2024-05-08,2
"R-2",2024-05-09,1
"R-2",2024-05-10,1
"R-2",2024-05-11,0
"R-2",2024-05-12,4
"R-2",2024-05-13,0
"R-2",2024-05-14,1
"R-2",2024-05-15,0
"R-2",2024-05-16,0
"R-2",2024-05-17,0
"R-2",2024-05-18,0
"R-2",2024-05-19,0
"R-2",2024-05-20,0
"R-2",2024-05-21,0
"R-2",2024-05-22,0
"R-2",2024-05-23,0
"R-2",2024-05-24,0
"R-2",2024-05-25,0
"R-2",2024-05-26,0
"R-2",2024-05-27,0
"R-2",2024-05-28,0
"R-2",2024-05-29,0
"R-2",2024-05-30,0
"R-2",2024-05-31,4
"R-2",2024-06-01,1
"R-2",2024-06-02,6
"R-2",2024-06-03,0
"R-2",2024-06-04,0
"R-2",2024-06-05,2
"R-2",2024-06-06,6
"R-2",2024-06-07,1
"R-2",2024-06-08,0
"R-2",2024-06-09,1
"R-2",2024-06-10,0
"R-2",2024-06-11,0
"R-2",2024-06-12,0
"R-2",2024-06-13,0
"R-2",2024-06-14,0
"R-2",2024-06-15,0
"R-2",2024-06-16,0
"R-2",2024-06-17,1
"R-2",2024-06-18,1
"R-2",2024-06-19,1
"R-2",2024-06-20,0
"R-2",2024-06-21,0
"R-2",2024-06-22,1
"R-2",2024-06-23,1
"R-2",2024-06-24,1
"R-2",2024-06-25,1
"R-2",2024-06-26,0
"R-2",2024-06-27,1
"R-2",2024-06-28,0
"R-3",2024-03-10,0
"R-3",2024-03-11,0
"R-3",2024-03-12,0
"R-3",2024-03-13,0
"R-3",2024-03-14,1
"R-3",2024-03-15,0
"R-3",2024-03-16,0
"R-3",2024-03-17,0
"R-3",2024-03-18,0
"R-3",2024-03-19,0
"R-3",2024-03-20,0
"R-3",2024-03-21,0
"R-3",2024-03-22,0
"R-3",2024-03-23,0
"R-3",2024-03-24,0
"R-3",2024-03-25,0
"R-3",2024-03-26,0
"R-3",2024-03-27,0
"R-3",2024-03-28,0
"R-3",2024-03-29,0
"R-3",2024-03-30,0
"R-3",2024-03-31,0
"R-3",2024-04-01,0
"R-3",2024-04-02,0
"R-3",2024-04-03,0
"R-3",2024-04-04,0
"R-3",2024-04-05,0
"R-3",2024-04-06,0
"R-3",2024-04-07,0
"R-3",2024-04-08,0
"R-3",2024-04-09,0
"R-3",2024-04-10,0
"R-3",2024-04-11,0
"R-3",2024-04-12,0
"R-3",2024-04-13,1
"R-3",2024-04-14,0
"R-3",2024-04-15,0
"R-3",2024-04-16,0
"R-3",2024-04-17,0
"R-3",2024-04-18,0
"R-3",2024-04-19,0
"R-3",2024-04-20,0
"R-3",2024-04-21,0
"R-3",2024-04-22,0
"R-3",2024-04-23,2
"R-3",2024-04-24,0
"R-3",2024-04-25,0
"R-3",2024-04-26,0
"R-3",2024-04-27,0
"R-3",2024-04-28,0
"R-3",2024-04-29,0
"R-3",2024-04-30,0
"R-3",2024-05-01,6
"R-3",2024-05-02,0
"R-3",2024-05-03,0
"R-3",2024-05-04,0
"R-3",2024-05-05,0
"R-3",2024-05-06,0
"R-3",2024-05-07,2
"R-3",2024-05-08,0
"R-3",2024-05-09,0
"R-3",2024-05-10,0
"R-3",2024-05-11,0
"R-3",2024-05-12,0
"R-3",2024-05-13,0
"R-3",2024-05-14,0
"R-3",2024-05-15,0
"R-3",2024-05-16,0
"R-3",2024-05-17,1
"R-3",2024-05-18,0
"R-3",2024-05-19,0
"R-3",2024-05-20,0
"R-3",2024-05-21,0
"R-3",2024-05-22,0
"R-3",2024-05-23,0
"R-3",2024-05-24,0
"R-3",2024-05-25,0
"R-3",2024-05-26,0
"R-3",2024-05-27,0
"R-3",2024-05-28,0
"R-3",2024-05-29,0
"R-3",2024-05-30,0
"R-3",2024-05-31,0
"R-3",2024-06-01,0
"R-3",2024-06-02,0
"R-3",2024-06-03,0
"R-3",2024-06-04,0
"R-3",2024-06-05,0
"R-3",2024-06-06,0
"R-3",2024-06-07,0
"R-3",2024-06-08,0
"R-3",2024-06-09,0
"R-3",2024-06-10,0
"R-3",2024-06-11,0
"R-3",2024-06-12,0
"R-3",2024-06-13,0
"R-3",2024-06-14,0
"R-3",2024-06-15,0
"R-3",2024-06-16,0
"R-3",2024-06-17,0
"R-3",2024-06-18,0
"R-3",2024-06-19,0
"R-3",2024-06-20,0
"R-3",2024-06-21,0
"R-3",2024-06-22,0
"R-3",2024-06-23,0
"R-3",2024-06-24,0
"R-3",2024-06-25,0
"R-3",2024-06-26,0
"R-3",2024-06-27,0
"R-3",2024-06-28,0
"R-6",2024-03-10,0
"R-6",2024-03-11,0
"R-6",2024-03-12,0
"R-6",2024-03-13,0
"R-6",2024-03-14,0
"R-6",2024-03-15,0
"R-6",2024-03-16,0
"R-6",2024-03-17,0
"R-6",2024-03-18,0
"R-6",2024-03-19,0
"R-6",2024-03-20,0
"R-6",2024-03-21,0
"R-6",2024-03-22,0
"R-6",2024-03-23,0
"R-6",2024-03-24,0
"R-6",2024-03-25,0
"R-6",2024-03-26,0
"R-6",2024-03-27,0
"R-6",2024-03-28,0
"R-6",2024-03-29,0
"R-6",2024-03-30,0
"R-6",2024-03-31,0
"R-6",2024-04-01,0
"R-6",2024-04-02,0
"R-6",2024-04-03,0
"R-6",2024-04-04,0
"R-6",2024-04-05,0
"R-6",2024-04-06,0
"R-6",2024-04-07,0
"R-6",2024-04-08,0
"R-6",2024-04-09,0
"R-6",2024-04-10,0
"R-6",2024-04-11,0
"R-6",2024-04-12,0
"R-6",2024-04-13,0
"R-6",2024-04-14,0
"R-6",2024-04-15,0
"R-6",2024-04-16,0
"R-6",2024-04-17,0
"R-6",2024-04-18,0
"R-6",2024-04-19,8
"R-6",2024-04-20,14
"R-6",2024-04-21,16
"R-6",2024-04-22,50
"R-6",2024-04-23,37
"R-6",2024-04-24,11
"R-6",2024-04-25,19
"R-6",2024-04-26,10
"R-6",2024-04-27,5
"R-6",2024-04-28,14
"R-6",2024-04-29,5
"R-6",2024-04-30,2
"R-6",2024-05-01,9
"R-6",2024-05-02,2
"R-6",2024-05-03,6
"R-6",2024-05-04,4
"R-6",2024-05-05,0
"R-6",2024-05-06,5
"R-6",2024-05-07,7
"R-6",2024-05-08,0
"R-6",2024-05-09,2
"R-6",2024-05-10,1
"R-6",2024-05-11,16
"R-6",2024-05-12,5
"R-6",2024-05-13,1
"R-6",2024-05-14,0
"R-6",2024-05-15,3
"R-6",2024-05-16,1
"R-6",2024-05-17,2
"R-6",2024-05-18,7
"R-6",2024-05-19,1
"R-6",2024-05-20,0
"R-6",2024-05-21,4
"R-6",2024-05-22,1
"R-6",2024-05-23,5
"R-6",2024-05-24,3
"R-6",2024-05-25,2
"R-6",2024-05-26,1
"R-6",2024-05-27,1
"R-6",2024-05-28,3
"R-6",2024-05-29,3
"R-6",2024-05-30,2
"R-6",2024-05-31,4
"R-6",2024-06-01,1
"R-6",2024-06-02,3
"R-6",2024-06-03,0
"R-6",2024-06-04,0
"R-6",2024-06-05,3
"R-6",2024-06-06,3
"R-6",2024-06-07,0
"R-6",2024-06-08,1
"R-6",2024-06-09,0
"R-6",2024-06-10,0
"R-6",2024-06-11,0
"R-6",2024-06-12,0
"R-6",2024-06-13,0
"R-6",2024-06-14,0
"R-6",2024-06-15,0
"R-6",2024-06-16,1
"R-6",2024-06-17,11
"R-6",2024-06-18,1
"R-6",2024-06-19,0
"R-6",2024-06-20,3
"R-6",2024-06-21,6
"R-6",2024-06-22,1
"R-6",2024-06-23,1
"R-6",2024-06-24,1
"R-6",2024-06-25,0
"R-6",2024-06-26,3
"R-6",2024-06-27,0
"R-6",2024-06-28,1
"R-7",2024-03-10,0
"R-7",2024-03-11,0
"R-7",2024-03-12,1
"R-7",2024-03-13,8
"R-7",2024-03-14,4
"R-7",2024-03-15,15
"R-7",2024-03-16,2
"R-7",2024-03-17,9
"R-7",2024-03-18,7
"R-7",2024-03-19,5
"R-7",2024-03-20,23
"R-7",2024-03-21,8
"R-7",2024-03-22,7
"R-7",2024-03-23,11
"R-7",2024-03-24,0
"R-7",2024-03-25,0
"R-7",2024-03-26,0
"R-7",2024-03-27,0
"R-7",2024-03-28,0
"R-7",2024-03-29,0
"R-7",2024-03-30,0
"R-7",2024-03-31,0
"R-7",2024-04-01,8
"R-7",2024-04-02,0
"R-7",2024-04-03,0
"R-7",2024-04-04,0
"R-7",2024-04-05,0
"R-7",2024-04-06,0
"R-7",2024-04-07,0
"R-7",2024-04-08,6
"R-7",2024-04-09,0
"R-7",2024-04-10,0
"R-7",2024-04-11,0
"R-7",2024-04-12,0
"R-7",2024-04-13,0
"R-7",2024-04-14,0
"R-7",2024-04-15,0
"R-7",2024-04-16,0
"R-7",2024-04-17,0
"R-7",2024-04-18,0
"R-7",2024-04-19,0
"R-7",2024-04-20,0
"R-7",2024-04-21,0
"R-7",2024-04-22,2
"R-7",2024-04-23,4
"R-7",2024-04-24,0
"R-7",2024-04-25,0
"R-7",2024-04-26,6
"R-7",2024-04-27,10
"R-7",2024-04-28,13
"R-7",2024-04-29,9
"R-7",2024-04-30,0
"R-7",2024-05-01,1
"R-7",2024-05-02,0
"R-7",2024-05-03,0
"R-7",2024-05-04,56
"R-7",2024-05-05,0
"R-7",2024-05-06,1
"R-7",2024-05-07,1
"R-7",2024-05-08,5
"R-7",2024-05-09,0
"R-7",2024-05-10,0
"R-7",2024-05-11,1
"R-7",2024-05-12,0
"R-7",2024-05-13,0
"R-7",2024-05-14,7
"R-7",2024-05-15,1
"R-7",2024-05-16,0
"R-7",2024-05-17,0
"R-7",2024-05-18,2
"R-7",2024-05-19,3
"R-7",2024-05-20,1
"R-7",2024-05-21,3
"R-7",2024-05-22,2
"R-7",2024-05-23,7
"R-7",2024-05-24,7
"R-7",2024-05-25,0
"R-7",2024-05-26,1
"R-7",2024-05-27,1
"R-7",2024-05-28,1
"R-7",2024-05-29,0
"R-7",2024-05-30,0
"R-7",2024-05-31,0
"R-7",2024-06-01,0
"R-7",2024-06-02,0
"R-7",2024-06-03,0
"R-7",2024-06-04,0
"R-7",2024-06-05,0
"R-7",2024-06-06,0
"R-7",2024-06-07,0
"R-7",2024-06-08,0
"R-7",2024-06-09,0
"R-7",2024-06-10,0
"R-7",2024-06-11,0
"R-7",2024-06-12,0
"R-7",2024-06-13,0
"R-7",2024-06-14,0
"R-7",2024-06-15,0
"R-7",2024-06-16,1
"R-7",2024-06-17,0
"R-7",2024-06-18,0
"R-7",2024-06-19,0
"R-7",2024-06-20,0
"R-7",2024-06-21,0
"R-7",2024-06-22,0
"R-7",2024-06-23,0
"R-7",2024-06-24,0
"R-7",2024-06-25,0
"R-7",2024-06-26,0
"R-7",2024-06-27,0
"R-7",2024-06-28,0
"R-9",2024-03-10,0
"R-9",2024-03-11,0
"R-9",2024-03-12,0
"R-9",2024-03-13,0
"R-9",2024-03-14,0
"R-9",2024-03-15,0
"R-9",2024-03-16,0
"R-9",2024-03-17,0
"R-9",2024-03-18,0
"R-9",2024-03-19,0
"R-9",2024-03-20,0
"R-9",2024-03-21,0
"R-9",2024-03-22,0
"R-9",2024-03-23,0
"R-9",2024-03-24,0
"R-9",2024-03-25,0
"R-9",2024-03-26,0
"R-9",2024-03-27,0
"R-9",2024-03-28,0
"R-9",2024-03-29,0
"R-9",2024-03-30,0
"R-9",2024-03-31,0
"R-9",2024-04-01,0
"R-9",2024-04-02,0
"R-9",2024-04-03,0
"R-9",2024-04-04,0
"R-9",2024-04-05,0
"R-9",2024-04-06,0
"R-9",2024-04-07,0
"R-9",2024-04-08,0
"R-9",2024-04-09,0
"R-9",2024-04-10,0
"R-9",2024-04-11,0
"R-9",2024-04-12,0
"R-9",2024-04-13,0
"R-9",2024-04-14,0
"R-9",2024-04-15,0
"R-9",2024-04-16,0
"R-9",2024-04-17,0
"R-9",2024-04-18,0
"R-9",2024-04-19,6
"R-9",2024-04-20,0
"R-9",2024-04-21,1
"R-9",2024-04-22,1
"R-9",2024-04-23,15
"R-9",2024-04-24,4
"R-9",2024-04-25,7
"R-9",2024-04-26,4
"R-9",2024-04-27,6
"R-9",2024-04-28,10
"R-9",2024-04-29,15
"R-9",2024-04-30,9
"R-9",2024-05-01,1
"R-9",2024-05-02,4
"R-9",2024-05-03,13
"R-9",2024-05-04,3
"R-9",2024-05-05,9
"R-9",2024-05-06,8
"R-9",2024-05-07,0
"R-9",2024-05-08,3
"R-9",2024-05-09,0
"R-9",2024-05-10,2
"R-9",2024-05-11,0
"R-9",2024-05-12,0
"R-9",2024-05-13,1
"R-9",2024-05-14,0
"R-9",2024-05-15,1
"R-9",2024-05-16,0
"R-9",2024-05-17,0
"R-9",2024-05-18,2
"R-9",2024-05-19,0
"R-9",2024-05-20,0
"R-9",2024-05-21,0
"R-9",2024-05-22,0
"R-9",2024-05-23,0
"R-9",2024-05-24,0
"R-9",2024-05-25,0
"R-9",2024-05-26,2
"R-9",2024-05-27,1
"R-9",2024-05-28,0
"R-9",2024-05-29,1
"R-9",2024-05-30,1
"R-9",2024-05-31,0
"R-9",2024-06-01,0
"R-9",2024-06-02,0
"R-9",2024-06-03,0
"R-9",2024-06-04,0
"R-9",2024-06-05,0
"R-9",2024-06-06,0
"R-9",2024-06-07,0
"R-9",2024-06-08,0
"R-9",2024-06-09,0
"R-9",2024-06-10,0
"R-9",2024-06-11,0
"R-9",2024-06-12,0
"R-9",2024-06-13,2
"R-9",2024-06-14,0
"R-9",2024-06-15,0
"R-9",2024-06-16,0
"R-9",2024-06-17,0
"R-9",2024-06-18,0
"R-9",2024-06-19,0
"R-9",2024-06-20,0
"R-9",2024-06-21,0
"R-9",2024-06-22,0
"R-9",2024-06-23,0
"R-9",2024-06-24,0
"R-9",2024-06-25,0
"R-9",2024-06-26,0
"R-9",2024-06-27,0
"R-9",2024-06-28,0
"T-1",2024-03-10,6
"T-1",2024-03-11,1
"T-1",2024-03-12,5
"T-1",2024-03-13,1
"T-1",2024-03-14,1
"T-1",2024-03-15,2
"T-1",2024-03-16,0
"T-1",2024-03-17,0
"T-1",2024-03-18,1
"T-1",2024-03-19,17
"T-1",2024-03-20,57
"T-1",2024-03-21,8
"T-1",2024-03-22,0
"T-1",2024-03-23,1
"T-1",2024-03-24,0
"T-1",2024-03-25,0
"T-1",2024-03-26,0
"T-1",2024-03-27,0
"T-1",2024-03-28,0
"T-1",2024-03-29,0
"T-1",2024-03-30,1
"T-1",2024-03-31,0
"T-1",2024-04-01,0
"T-1",2024-04-02,18
"T-1",2024-04-03,23
"T-1",2024-04-04,0
"T-1",2024-04-05,3
"T-1",2024-04-06,2
"T-1",2024-04-07,1
"T-1",2024-04-08,0
"T-1",2024-04-09,10
"T-1",2024-04-10,0
"T-1",2024-04-11,0
"T-1",2024-04-12,0
"T-1",2024-04-13,0
"T-1",2024-04-14,0
"T-1",2024-04-15,0
"T-1",2024-04-16,0
"T-1",2024-04-17,0
"T-1",2024-04-18,0
"T-1",2024-04-19,0
"T-1",2024-04-20,0
"T-1",2024-04-21,19
"T-1",2024-04-22,9
"T-1",2024-04-23,3
"T-1",2024-04-24,4
"T-1",2024-04-25,0
"T-1",2024-04-26,0
"T-1",2024-04-27,4
"T-1",2024-04-28,0
"T-1",2024-04-29,6
"T-1",2024-04-30,0
"T-1",2024-05-01,0
"T-1",2024-05-02,0
"T-1",2024-05-03,15
"T-1",2024-05-04,0
"T-1",2024-05-05,2
"T-1",2024-05-06,0
"T-1",2024-05-07,0
"T-1",2024-05-08,0
"T-1",2024-05-09,0
"T-1",2024-05-10,1
"T-1",2024-05-11,0
"T-1",2024-05-12,3
"T-1",2024-05-13,0
"T-1",2024-05-14,0
"T-1",2024-05-15,1
"T-1",2024-05-16,0
"T-1",2024-05-17,0
"T-1",2024-05-18,0
"T-1",2024-05-19,2
"T-1",2024-05-20,2
"T-1",2024-05-21,1
"T-1",2024-05-22,1
"T-1",2024-05-23,0
"T-1",2024-05-24,1
"T-1",2024-05-25,0
"T-1",2024-05-26,0
"T-1",2024-05-27,0
"T-1",2024-05-28,0
"T-1",2024-05-29,1
"T-1",2024-05-30,3
"T-1",2024-05-31,0
"T-1",2024-06-01,0
"T-1",2024-06-02,0
"T-1",2024-06-03,0
"T-1",2024-06-04,8
"T-1",2024-06-05,1
"T-1",2024-06-06,1
"T-1",2024-06-07,1
"T-1",2024-06-08,0
"T-1",2024-06-09,1
"T-1",2024-06-10,0
"T-1",2024-06-11,0
"T-1",2024-06-12,0
"T-1",2024-06-13,10
"T-1",2024-06-14,1
"T-1",2024-06-15,0
"T-1",2024-06-16,0
"T-1",2024-06-17,0
"T-1",2024-06-18,0
"T-1",2024-06-19,2
"T-1",2024-06-20,0
"T-1",2024-06-21,3
"T-1",2024-06-22,2
"T-1",2024-06-23,6
"T-1",2024-06-24,1
"T-1",2024-06-25,26
"T-1",2024-06-26,5
"T-1",2024-06-27,3
"T-1",2024-06-28,0
"T-14",2024-03-10,0
"T-14",2024-03-11,14
"T-14",2024-03-12,8
"T-14",2024-03-13,7
"T-14",2024-03-14,7
"T-14",2024-03-15,0
"T-14",2024-03-16,2
"T-14",2024-03-17,3
"T-14",2024-03-18,0
"T-14",2024-03-19,3
"T-14",2024-03-20,3
"T-14",2024-03-21,5
"T-14",2024-03-22,3
"T-14",2024-03-23,0
"T-14",2024-03-24,11
"T-14",2024-03-25,5
"T-14",2024-03-26,4
"T-14",2024-03-27,1
"T-14",2024-03-28,2
"T-14",2024-03-29,1
"T-14",2024-03-30,3
"T-14",2024-03-31,0
"T-14",2024-04-01,0
"T-14",2024-04-02,0
"T-14",2024-04-03,0
"T-14",2024-04-04,1
"T-14",2024-04-05,8
"T-14",2024-04-06,2
"T-14",2024-04-07,0
"T-14",2024-04-08,0
"T-14",2024-04-09,0
"T-14",2024-04-10,0
"T-14",2024-04-11,0
"T-14",2024-04-12,0
"T-14",2024-04-13,0
"T-14",2024-04-14,0
"T-14",2024-04-15,0
"T-14",2024-04-16,0
"T-14",2024-04-17,0
"T-14",2024-04-18,0
"T-14",2024-04-19,0
"T-14",2024-04-20,0
"T-14",2024-04-21,0
"T-14",2024-04-22,3
"T-14",2024-04-23,2
"T-14",2024-04-24,0
"T-14",2024-04-25,0
"T-14",2024-04-26,1
"T-14",2024-04-27,0
"T-14",2024-04-28,2
"T-14",2024-04-29,3
"T-14",2024-04-30,3
"T-14",2024-05-01,4
"T-14",2024-05-02,0
"T-14",2024-05-03,0
"T-14",2024-05-04,3
"T-14",2024-05-05,0
"T-14",2024-05-06,3
"T-14",2024-05-07,0
"T-14",2024-05-08,0
"T-14",2024-05-09,0
"T-14",2024-05-10,0
"T-14",2024-05-11,0
"T-14",2024-05-12,1
"T-14",2024-05-13,0
"T-14",2024-05-14,1
"T-14",2024-05-15,0
"T-14",2024-05-16,0
"T-14",2024-05-17,0
"T-14",2024-05-18,0
"T-14",2024-05-19,1
"T-14",2024-05-20,0
"T-14",2024-05-21,0
"T-14",2024-05-22,2
"T-14",2024-05-23,0
"T-14",2024-05-24,0
"T-14",2024-05-25,0
"T-14",2024-05-26,0
"T-14",2024-05-27,0
"T-14",2024-05-28,0
"T-14",2024-05-29,0
"T-14",2024-05-30,2
"T-14",2024-05-31,0
"T-14",2024-06-01,4
"T-14",2024-06-02,0
"T-14",2024-06-03,0
"T-14",2024-06-04,0
"T-14",2024-06-05,0
"T-14",2024-06-06,0
"T-14",2024-06-07,0
"T-14",2024-06-08,0
"T-14",2024-06-09,0
"T-14",2024-06-10,0
"T-14",2024-06-11,0
"T-14",2024-06-12,0
"T-14",2024-06-13,0
"T-14",2024-06-14,0
"T-14",2024-06-15,0
"T-14",2024-06-16,0
"T-14",2024-06-17,0
"T-14",2024-06-18,0
"T-14",2024-06-19,0
"T-14",2024-06-20,0
"T-14",2024-06-21,0
"T-14",2024-06-22,0
"T-14",2024-06-23,0
"T-14",2024-06-24,0
"T-14",2024-06-25,0
"T-14",2024-06-26,0
"T-14",2024-06-27,0
"T-14",2024-06-28,0
"T-16",2024-03-10,0
"T-16",2024-03-11,0
"T-16",2024-03-12,0
"T-16",2024-03-13,0
"T-16",2024-03-14,0
"T-16",2024-03-15,0
"T-16",2024-03-16,0
"T-16",2024-03-17,0
"T-16",2024-03-18,0
"T-16",2024-03-19,0
"T-16",2024-03-20,0
"T-16",2024-03-21,0
"T-16",2024-03-22,0
"T-16",2024-03-23,0
"T-16",2024-03-24,0
"T-16",2024-03-25,0
"T-16",2024-03-26,0
"T-16",2024-03-27,0
"T-16",2024-03-28,0
"T-16",2024-03-29,0
"T-16",2024-03-30,0
"T-16",2024-03-31,0
"T-16",2024-04-01,0
"T-16",2024-04-02,0
"T-16",2024-04-03,0
"T-16",2024-04-04,0
"T-16",2024-04-05,0
"T-16",2024-04-06,0
"T-16",2024-04-07,0
"T-16",2024-04-08,0
"T-16",2024-04-09,0
"T-16",2024-04-10,0
"T-16",2024-04-11,0
"T-16",2024-04-12,0
"T-16",2024-04-13,0
"T-16",2024-04-14,0
"T-16",2024-04-15,0
"T-16",2024-04-16,0
"T-16",2024-04-17,0
"T-16",2024-04-18,0
"T-16",2024-04-19,0
"T-16",2024-04-20,0
"T-16",2024-04-21,0
"T-16",2024-04-22,0
"T-16",2024-04-23,0
"T-16",2024-04-24,0
"T-16",2024-04-25,0
"T-16",2024-04-26,0
"T-16",2024-04-27,0
"T-16",2024-04-28,0
"T-16",2024-04-29,0
"T-16",2024-04-30,0
"T-16",2024-05-01,0
"T-16",2024-05-02,0
"T-16",2024-05-03,0
"T-16",2024-05-04,0
"T-16",2024-05-05,0
"T-16",2024-05-06,0
"T-16",2024-05-07,0
"T-16",2024-05-08,0
"T-16",2024-05-09,0
"T-16",2024-05-10,0
"T-16",2024-05-11,0
"T-16",2024-05-12,0
"T-16",2024-05-13,0
"T-16",2024-05-14,0
"T-16",2024-05-15,0
"T-16",2024-05-16,0
"T-16",2024-05-17,1
"T-16",2024-05-18,0
"T-16",2024-05-19,0
"T-16",2024-05-20,0
"T-16",2024-05-21,0
"T-16",2024-05-22,0
"T-16",2024-05-23,0
"T-16",2024-05-24,0
"T-16",2024-05-25,0
"T-16",2024-05-26,0
"T-16",2024-05-27,0
"T-16",2024-05-28,0
"T-16",2024-05-29,0
"T-16",2024-05-30,0
"T-16",2024-05-31,0
"T-16",2024-06-01,0
"T-16",2024-06-02,0
"T-16",2024-06-03,0
"T-16",2024-06-04,0
"T-16",2024-06-05,0
"T-16",2024-06-06,0
"T-16",2024-06-07,0
"T-16",2024-06-08,0
"T-16",2024-06-09,0
"T-16",2024-06-10,0
"T-16",2024-06-11,0
"T-16",2024-06-12,0
"T-16",2024-06-13,0
"T-16",2024-06-14,0
"T-16",2024-06-15,0
"T-16",2024-06-16,0
"T-16",2024-06-17,0
"T-16",2024-06-18,0
"T-16",2024-06-19,0
"T-16",2024-06-20,0
"T-16",2024-06-21,0
"T-16",2024-06-22,0
"T-16",2024-06-23,0
"T-16",2024-06-24,0
"T-16",2024-06-25,0
"T-16",2024-06-26,0
"T-16",2024-06-27,0
"T-16",2024-06-28,0
"T-19",2024-03-10,5
"T-19",2024-03-11,38
"T-19",2024-03-12,36
"T-19",2024-03-13,4
"T-19",2024-03-14,5
"T-19",2024-03-15,2
"T-19",2024-03-16,1
"T-19",2024-03-17,1
"T-19",2024-03-18,0
"T-19",2024-03-19,0
"T-19",2024-03-20,55
"T-19",2024-03-21,35
"T-19",2024-03-22,1
"T-19",2024-03-23,4
"T-19",2024-03-24,3
"T-19",2024-03-25,21
"T-19",2024-03-26,0
"T-19",2024-03-27,0
"T-19",2024-03-28,3
"T-19",2024-03-29,0
"T-19",2024-03-30,4
"T-19",2024-03-31,0
"T-19",2024-04-01,2
"T-19",2024-04-02,0
"T-19",2024-04-03,6
"T-19",2024-04-04,0
"T-19",2024-04-05,1
"T-19",2024-04-06,0
"T-19",2024-04-07,0
"T-19",2024-04-08,2
"T-19",2024-04-09,0
"T-19",2024-04-10,0
"T-19",2024-04-11,0
"T-19",2024-04-12,0
"T-19",2024-04-13,1
"T-19",2024-04-14,0
"T-19",2024-04-15,0
"T-19",2024-04-16,0
"T-19",2024-04-17,0
"T-19",2024-04-18,0
"T-19",2024-04-19,0
"T-19",2024-04-20,0
"T-19",2024-04-21,0
"T-19",2024-04-22,0
"T-19",2024-04-23,1
"T-19",2024-04-24,10
"T-19",2024-04-25,1
"T-19",2024-04-26,0
"T-19",2024-04-27,0
"T-19",2024-04-28,0
"T-19",2024-04-29,0
"T-19",2024-04-30,0
"T-19",2024-05-01,1
"T-19",2024-05-02,0
"T-19",2024-05-03,0
"T-19",2024-05-04,0
"T-19",2024-05-05,0
"T-19",2024-05-06,0
"T-19",2024-05-07,0
"T-19",2024-05-08,0
"T-19",2024-05-09,1
"T-19",2024-05-10,1
"T-19",2024-05-11,3
"T-19",2024-05-12,0
"T-19",2024-05-13,0
"T-19",2024-05-14,1
"T-19",2024-05-15,1
"T-19",2024-05-16,1
"T-19",2024-05-17,0
"T-19",2024-05-18,0
"T-19",2024-05-19,0
"T-19",2024-05-20,0
"T-19",2024-05-21,0
"T-19",2024-05-22,0
"T-19",2024-05-23,3
"T-19",2024-05-24,0
"T-19",2024-05-25,0
"T-19",2024-05-26,0
"T-19",2024-05-27,0
"T-19",2024-05-28,0
"T-19",2024-05-29,0
"T-19",2024-05-30,0
"T-19",2024-05-31,0
"T-19",2024-06-01,0
"T-19",2024-06-02,0
"T-19",2024-06-03,0
"T-19",2024-06-04,0
"T-19",2024-06-05,0
"T-19",2024-06-06,1
"T-19",2024-06-07,6
"T-19",2024-06-08,1
"T-19",2024-06-09,0
"T-19",2024-06-10,0
"T-19",2024-06-11,2
"T-19",2024-06-12,0
"T-19",2024-06-13,1
"T-19",2024-06-14,0
"T-19",2024-06-15,0
"T-19",2024-06-16,0
"T-19",2024-06-17,1
"T-19",2024-06-18,0
"T-19",2024-06-19,0
"T-19",2024-06-20,0
"T-19",2024-06-21,0
"T-19",2024-06-22,0
"T-19",2024-06-23,0
"T-19",2024-06-24,0
"T-19",2024-06-25,0
"T-19",2024-06-26,4
"T-19",2024-06-27,1
"T-19",2024-06-28,1
"T-21",2024-03-10,0
"T-21",2024-03-11,0
"T-21",2024-03-12,0
"T-21",2024-03-13,0
"T-21",2024-03-14,0
"T-21",2024-03-15,0
"T-21",2024-03-16,0
"T-21",2024-03-17,0
"T-21",2024-03-18,0
"T-21",2024-03-19,0
"T-21",2024-03-20,0
"T-21",2024-03-21,0
"T-21",2024-03-22,0
"T-21",2024-03-23,0
"T-21",2024-03-24,0
"T-21",2024-03-25,0
"T-21",2024-03-26,0
"T-21",2024-03-27,0
"T-21",2024-03-28,0
"T-21",2024-03-29,0
"T-21",2024-03-30,0
"T-21",2024-03-31,0
"T-21",2024-04-01,0
"T-21",2024-04-02,0
"T-21",2024-04-03,0
"T-21",2024-04-04,0
"T-21",2024-04-05,0
"T-21",2024-04-06,0
"T-21",2024-04-07,0
"T-21",2024-04-08,0
"T-21",2024-04-09,0
"T-21",2024-04-10,0
"T-21",2024-04-11,0
"T-21",2024-04-12,0
"T-21",2024-04-13,0
"T-21",2024-04-14,0
"T-21",2024-04-15,0
"T-21",2024-04-16,0
"T-21",2024-04-17,0
"T-21",2024-04-18,0
"T-21",2024-04-19,0
"T-21",2024-04-20,0
"T-21",2024-04-21,0
"T-21",2024-04-22,0
"T-21",2024-04-23,0
"T-21",2024-04-24,0
"T-21",2024-04-25,0
"T-21",2024-04-26,0
"T-21",2024-04-27,0
"T-21",2024-04-28,0
"T-21",2024-04-29,3
"T-21",2024-04-30,2
"T-21",2024-05-01,0
"T-21",2024-05-02,1
"T-21",2024-05-03,0
"T-21",2024-05-04,0
"T-21",2024-05-05,0
"T-21",2024-05-06,1
"T-21",2024-05-07,1
"T-21",2024-05-08,0
"T-21",2024-05-09,0
"T-21",2024-05-10,0
"T-21",2024-05-11,0
"T-21",2024-05-12,1
"T-21",2024-05-13,0
"T-21",2024-05-14,0
"T-21",2024-05-15,0
"T-21",2024-05-16,0
"T-21",2024-05-17,0
"T-21",2024-05-18,0
"T-21",2024-05-19,0
"T-21",2024-05-20,0
"T-21",2024-05-21,0
"T-21",2024-05-22,0
"T-21",2024-05-23,0
"T-21",2024-05-24,0
"T-21",2024-05-25,0
"T-21",2024-05-26,0
"T-21",2024-05-27,0
"T-21",2024-05-28,0
"T-21",2024-05-29,0
"T-21",2024-05-30,0
"T-21",2024-05-31,0
"T-21",2024-06-01,0
"T-21",2024-06-02,0
"T-21",2024-06-03,0
"T-21",2024-06-04,0
"T-21",2024-06-05,0
"T-21",2024-06-06,0
"T-21",2024-06-07,0
"T-21",2024-06-08,0
"T-21",2024-06-09,0
"T-21",2024-06-10,0
"T-21",2024-06-11,0
"T-21",2024-06-12,0
"T-21",2024-06-13,0
"T-21",2024-06-14,0
"T-21",2024-06-15,0
"T-21",2024-06-16,0
"T-21",2024-06-17,0
"T-21",2024-06-18,0
"T-21",2024-06-19,0
"T-21",2024-06-20,0
"T-21",2024-06-21,0
"T-21",2024-06-22,0
"T-21",2024-06-23,0
"T-21",2024-06-24,0
"T-21",2024-06-25,0
"T-21",2024-06-26,0
"T-21",2024-06-27,0
"T-21",2024-06-28,0
"T-22",2024-03-10,0
"T-22",2024-03-11,0
"T-22",2024-03-12,0
"T-22",2024-03-13,0
"T-22",2024-03-14,0
"T-22",2024-03-15,0
"T-22",2024-03-16,0
"T-22",2024-03-17,0
"T-22",2024-03-18,0
"T-22",2024-03-19,0
"T-22",2024-03-20,0
"T-22",2024-03-21,0
"T-22",2024-03-22,0
"T-22",2024-03-23,0
"T-22",2024-03-24,0
"T-22",2024-03-25,0
"T-22",2024-03-26,0
"T-22",2024-03-27,0
"T-22",2024-03-28,0
"T-22",2024-03-29,0
"T-22",2024-03-30,0
"T-22",2024-03-31,0
"T-22",2024-04-01,0
"T-22",2024-04-02,0
"T-22",2024-04-03,0
"T-22",2024-04-04,0
"T-22",2024-04-05,0
"T-22",2024-04-06,0
"T-22",2024-04-07,0
"T-22",2024-04-08,0
"T-22",2024-04-09,0
"T-22",2024-04-10,0
"T-22",2024-04-11,0
"T-22",2024-04-12,0
"T-22",2024-04-13,0
"T-22",2024-04-14,0
"T-22",2024-04-15,0
"T-22",2024-04-16,0
"T-22",2024-04-17,0
"T-22",2024-04-18,0
"T-22",2024-04-19,0
"T-22",2024-04-20,2
"T-22",2024-04-21,1
"T-22",2024-04-22,5
"T-22",2024-04-23,0
"T-22",2024-04-24,0
"T-22",2024-04-25,5
"T-22",2024-04-26,0
"T-22",2024-04-27,1
"T-22",2024-04-28,0
"T-22",2024-04-29,0
"T-22",2024-04-30,0
"T-22",2024-05-01,5
"T-22",2024-05-02,5
"T-22",2024-05-03,0
"T-22",2024-05-04,0
"T-22",2024-05-05,0
"T-22",2024-05-06,0
"T-22",2024-05-07,0
"T-22",2024-05-08,0
"T-22",2024-05-09,0
"T-22",2024-05-10,1
"T-22",2024-05-11,0
"T-22",2024-05-12,0
"T-22",2024-05-13,0
"T-22",2024-05-14,0
"T-22",2024-05-15,1
"T-22",2024-05-16,0
"T-22",2024-05-17,0
"T-22",2024-05-18,2
"T-22",2024-05-19,0
"T-22",2024-05-20,0
"T-22",2024-05-21,0
"T-22",2024-05-22,0
"T-22",2024-05-23,0
"T-22",2024-05-24,0
"T-22",2024-05-25,0
"T-22",2024-05-26,0
"T-22",2024-05-27,0
"T-22",2024-05-28,0
"T-22",2024-05-29,0
"T-22",2024-05-30,0
"T-22",2024-05-31,0
"T-22",2024-06-01,0
"T-22",2024-06-02,0
"T-22",2024-06-03,0
"T-22",2024-06-04,0
"T-22",2024-06-05,0
"T-22",2024-06-06,0
"T-22",2024-06-07,0
"T-22",2024-06-08,0
"T-22",2024-06-09,0
"T-22",2024-06-10,0
"T-22",2024-06-11,0
"T-22",2024-06-12,0
"T-22",2024-06-13,0
"T-22",2024-06-14,1
"T-22",2024-06-15,0
"T-22",2024-06-16,0
"T-22",2024-06-17,0
"T-22",2024-06-18,0
"T-22",2024-06-19,0
"T-22",2024-06-20,0
"T-22",2024-06-21,2
"T-22",2024-06-22,2
"T-22",2024-06-23,0
"T-22",2024-06-24,0
"T-22",2024-06-25,0
"T-22",2024-06-26,0
"T-22",2024-06-27,0
"T-22",2024-06-28,0
"T-4",2024-03-10,0
"T-4",2024-03-11,0
"T-4",2024-03-12,0
"T-4",2024-03-13,1
"T-4",2024-03-14,0
"T-4",2024-03-15,4
"T-4",2024-03-16,0
"T-4",2024-03-17,0
"T-4",2024-03-18,0
"T-4",2024-03-19,2
"T-4",2024-03-20,3
"T-4",2024-03-21,13
"T-4",2024-03-22,0
"T-4",2024-03-23,0
"T-4",2024-03-24,8
"T-4",2024-03-25,46
"T-4",2024-03-26,1
"T-4",2024-03-27,0
"T-4",2024-03-28,1
"T-4",2024-03-29,2
"T-4",2024-03-30,2
"T-4",2024-03-31,7
"T-4",2024-04-01,1
"T-4",2024-04-02,0
"T-4",2024-04-03,1
"T-4",2024-04-04,77
"T-4",2024-04-05,126
"T-4",2024-04-06,148
"T-4",2024-04-07,64
"T-4",2024-04-08,44
"T-4",2024-04-09,7
"T-4",2024-04-10,42
"T-4",2024-04-11,1
"T-4",2024-04-12,6
"T-4",2024-04-13,73
"T-4",2024-04-14,95
"T-4",2024-04-15,20
"T-4",2024-04-16,81
"T-4",2024-04-17,48
"T-4",2024-04-18,39
"T-4",2024-04-19,92
"T-4",2024-04-20,92
"T-4",2024-04-21,19
"T-4",2024-04-22,79
"T-4",2024-04-23,69
"T-4",2024-04-24,89
"T-4",2024-04-25,73
"T-4",2024-04-26,58
"T-4",2024-04-27,61
"T-4",2024-04-28,28
"T-4",2024-04-29,43
"T-4",2024-04-30,64
"T-4",2024-05-01,28
"T-4",2024-05-02,55
"T-4",2024-05-03,14
"T-4",2024-05-04,11
"T-4",2024-05-05,0
"T-4",2024-05-06,39
"T-4",2024-05-07,27
"T-4",2024-05-08,12
"T-4",2024-05-09,29
"T-4",2024-05-10,18
"T-4",2024-05-11,26
"T-4",2024-05-12,4
"T-4",2024-05-13,3
"T-4",2024-05-14,5
"T-4",2024-05-15,20
"T-4",2024-05-16,27
"T-4",2024-05-17,7
"T-4",2024-05-18,8
"T-4",2024-05-19,0
"T-4",2024-05-20,8
"T-4",2024-05-21,25
"T-4",2024-05-22,11
"T-4",2024-05-23,4
"T-4",2024-05-24,0
"T-4",2024-05-25,0
"T-4",2024-05-26,1
"T-4",2024-05-27,3
"T-4",2024-05-28,0
"T-4",2024-05-29,1
"T-4",2024-05-30,0
"T-4",2024-05-31,0
"T-4",2024-06-01,0
"T-4",2024-06-02,0
"T-4",2024-06-03,0
"T-4",2024-06-04,0
"T-4",2024-06-05,0
"T-4",2024-06-06,1
"T-4",2024-06-07,0
"T-4",2024-06-08,1
"T-4",2024-06-09,0
"T-4",2024-06-10,0
"T-4",2024-06-11,0
"T-4",2024-06-12,0
"T-4",2024-06-13,0
"T-4",2024-06-14,1
"T-4",2024-06-15,0
"T-4",2024-06-16,1
"T-4",2024-06-17,0
"T-4",2024-06-18,0
"T-4",2024-06-19,0
"T-4",2024-06-20,0
"T-4",2024-06-21,1
"T-4",2024-06-22,3
"T-4",2024-06-23,0
"T-4",2024-06-24,0
"T-4",2024-06-25,0
"T-4",2024-06-26,0
"T-4",2024-06-27,0
"T-4",2024-06-28,0
"T-6",2024-03-10,0
"T-6",2024-03-11,0
"T-6",2024-03-12,0
"T-6",2024-03-13,0
"T-6",2024-03-14,7
"T-6",2024-03-15,1
"T-6",2024-03-16,0
"T-6",2024-03-17,0
"T-6",2024-03-18,0
"T-6",2024-03-19,0
"T-6",2024-03-20,0
"T-6",2024-03-21,0
"T-6",2024-03-22,0
"T-6",2024-03-23,0
"T-6",2024-03-24,0
"T-6",2024-03-25,0
"T-6",2024-03-26,0
"T-6",2024-03-27,0
"T-6",2024-03-28,0
"T-6",2024-03-29,11
"T-6",2024-03-30,11
"T-6",2024-03-31,3
"T-6",2024-04-01,18
"T-6",2024-04-02,10
"T-6",2024-04-03,0
"T-6",2024-04-04,0
"T-6",2024-04-05,1
"T-6",2024-04-06,8
"T-6",2024-04-07,0
"T-6",2024-04-08,0
"T-6",2024-04-09,0
"T-6",2024-04-10,0
"T-6",2024-04-11,0
"T-6",2024-04-12,0
"T-6",2024-04-13,0
"T-6",2024-04-14,0
"T-6",2024-04-15,0
"T-6",2024-04-16,0
"T-6",2024-04-17,0
"T-6",2024-04-18,0
"T-6",2024-04-19,0
"T-6",2024-04-20,0
"T-6",2024-04-21,0
"T-6",2024-04-22,0
"T-6",2024-04-23,0
"T-6",2024-04-24,2
"T-6",2024-04-25,0
"T-6",2024-04-26,0
"T-6",2024-04-27,0
"T-6",2024-04-28,0
"T-6",2024-04-29,0
"T-6",2024-04-30,4
"T-6",2024-05-01,0
"T-6",2024-05-02,1
"T-6",2024-05-03,0
"T-6",2024-05-04,0
"T-6",2024-05-05,0
"T-6",2024-05-06,0
"T-6",2024-05-07,0
"T-6",2024-05-08,0
"T-6",2024-05-09,0
"T-6",2024-05-10,0
"T-6",2024-05-11,0
"T-6",2024-05-12,0
"T-6",2024-05-13,0
"T-6",2024-05-14,0
"T-6",2024-05-15,0
"T-6",2024-05-16,0
"T-6",2024-05-17,0
"T-6",2024-05-18,0
"T-6",2024-05-19,0
"T-6",2024-05-20,0
"T-6",2024-05-21,0
"T-6",2024-05-22,0
"T-6",2024-05-23,0
"T-6",2024-05-24,0
"T-6",2024-05-25,0
"T-6",2024-05-26,0
"T-6",2024-05-27,0
"T-6",2024-05-28,0
"T-6",2024-05-29,0
"T-6",2024-05-30,0
"T-6",2024-05-31,0
"T-6",2024-06-01,0
"T-6",2024-06-02,0
"T-6",2024-06-03,0
"T-6",2024-06-04,0
"T-6",2024-06-05,0
"T-6",2024-06-06,0
"T-6",2024-06-07,0
"T-6",2024-06-08,0
"T-6",2024-06-09,0
"T-6",2024-06-10,0
"T-6",2024-06-11,0
"T-6",2024-06-12,0
"T-6",2024-06-13,0
"T-6",2024-06-14,0
"T-6",2024-06-15,0
"T-6",2024-06-16,0
"T-6",2024-06-17,0
"T-6",2024-06-18,0
"T-6",2024-06-19,0
"T-6",2024-06-20,0
"T-6",2024-06-21,0
"T-6",2024-06-22,0
"T-6",2024-06-23,0
"T-6",2024-06-24,0
"T-6",2024-06-25,0
"T-6",2024-06-26,0
"T-6",2024-06-27,0
"T-6",2024-06-28,0
"T-9",2024-03-10,0
"T-9",2024-03-11,0
"T-9",2024-03-12,0
"T-9",2024-03-13,0
"T-9",2024-03-14,0
"T-9",2024-03-15,0
"T-9",2024-03-16,0
"T-9",2024-03-17,0
"T-9",2024-03-18,0
"T-9",2024-03-19,0
"T-9",2024-03-20,1
"T-9",2024-03-21,2
"T-9",2024-03-22,0
"T-9",2024-03-23,0
"T-9",2024-03-24,0
"T-9",2024-03-25,3
"T-9",2024-03-26,0
"T-9",2024-03-27,0
"T-9",2024-03-28,0
"T-9",2024-03-29,1
"T-9",2024-03-30,0
"T-9",2024-03-31,0
"T-9",2024-04-01,0
"T-9",2024-04-02,0
"T-9",2024-04-03,0
"T-9",2024-04-04,2
"T-9",2024-04-05,0
"T-9",2024-04-06,0
"T-9",2024-04-07,0
"T-9",2024-04-08,2
"T-9",2024-04-09,0
"T-9",2024-04-10,0
"T-9",2024-04-11,0
"T-9",2024-04-12,0
"T-9",2024-04-13,2
"T-9",2024-04-14,5
"T-9",2024-04-15,0
"T-9",2024-04-16,1
"T-9",2024-04-17,0
"T-9",2024-04-18,0
"T-9",2024-04-19,0
"T-9",2024-04-20,0
"T-9",2024-04-21,0
"T-9",2024-04-22,0
"T-9",2024-04-23,5
"T-9",2024-04-24,4
"T-9",2024-04-25,6
"T-9",2024-04-26,2
"T-9",2024-04-27,0
"T-9",2024-04-28,1
"T-9",2024-04-29,10
"T-9",2024-04-30,0
"T-9",2024-05-01,4
"T-9",2024-05-02,0
"T-9",2024-05-03,0
"T-9",2024-05-04,0
"T-9",2024-05-05,3
"T-9",2024-05-06,2
"T-9",2024-05-07,0
"T-9",2024-05-08,0
"T-9",2024-05-09,0
"T-9",2024-05-10,0
"T-9",2024-05-11,0
"T-9",2024-05-12,0
"T-9",2024-05-13,1
"T-9",2024-05-14,0
"T-9",2024-05-15,0
"T-9",2024-05-16,4
"T-9",2024-05-17,0
"T-9",2024-05-18,2
"T-9",2024-05-19,0
"T-9",2024-05-20,1
"T-9",2024-05-21,0
"T-9",2024-05-22,5
"T-9",2024-05-23,1
"T-9",2024-05-24,3
"T-9",2024-05-25,0
"T-9",2024-05-26,8
"T-9",2024-05-27,0
"T-9",2024-05-28,0
"T-9",2024-05-29,2
"T-9",2024-05-30,1
"T-9",2024-05-31,3
"T-9",2024-06-01,6
"T-9",2024-06-02,3
"T-9",2024-06-03,11
"T-9",2024-06-04,7
"T-9",2024-06-05,1
"T-9",2024-06-06,6
"T-9",2024-06-07,3
"T-9",2024-06-08,6
"T-9",2024-06-09,5
"T-9",2024-06-10,2
"T-9",2024-06-11,2
"T-9",2024-06-12,1
"T-9",2024-06-13,3
"T-9",2024-06-14,0
"T-9",2024-06-15,0
"T-9",2024-06-16,1
"T-9",2024-06-17,0
"T-9",2024-06-18,1
"T-9",2024-06-19,0
"T-9",2024-06-20,1
"T-9",2024-06-21,0
"T-9",2024-06-22,0
"T-9",2024-06-23,1
"T-9",2024-06-24,0
"T-9",2024-06-25,0
"T-9",2024-06-26,8
"T-9",2024-06-27,5
"T-9",2024-06-28,9
