date,M-1,M-2,M-5,M-6,M-7,M-9,M-10,M-11,M-12,T-1,T-4,T-6,T-9,T-14,T-16,T-19,T-21,T-22,R-1,R-2,R-3,R-6,R-7,R-9,R-10,R-11,R-12,R-13,O-1,O-2,O-3,O-4,O-5,O-6,O-7,O-8
3/13/23,SMA10463,SMA10416,SMA10460,SMA10464,SMA10448,SMA10426,SMA10421,SMA10423,SMA10452,SMA10428,SMA10429,SMA10395,SMA10415,SMA10469,SMA10414,SMA10471,SMA10422,SMA10417,,,,,,,,,,,,,,,,,,
3/14/23,SMA10463,SMA10416,SMA10460,SMA10464,SMA10448,SMA10426,SMA10421,SMA10423,SMA10452,SMA10428,SMA10429,SMA10395,SMA10415,SMA10469,SMA10414,SMA10471,SMA10422,SMA10417,,,,,,,,,,,,,,,,,,
3/15/23,SMA10463,SMA10416,SMA10460,SMA10464,SMA10448,SMA10426,SMA10421,SMA10423,SMA10452,SMA10428,SMA10429,SMA10395,SMA10415,SMA10469,SMA10414,SMA10471,SMA10422,SMA10417,,,,,,,,,,,,,,,,,,
3/16/23,SMA10463,SMA10416,SMA10460,SMA10464,SMA10448,SMA10426,SMA10421,SMA10423,SMA10452,SMA10428,SMA10429,SMA10395,SMA10415,SMA10469,SMA10414,SMA10471,SMA10422,SMA10417,,,,,,,,,,,,,,,,,,
3/17/23,SMA10463,SMA10416,SMA10460,SMA10464,SMA10448,SMA10426,SMA10421,SMA10423,SMA10452,SMA10428,SMA10429,SMA10395,SMA10415,SMA10469,SMA10414,SMA10471,SMA10422,SMA10417,,,,,,,,,,,,,,,,,,
3/18/23,SMA10463,SMA10416,SMA10460,SMA10464,SMA10448,SMA10426,SMA10421,SMA10423,SMA10452,SMA10428,SMA10429,SMA10395,SMA10415,SMA10469,SMA10414,SMA10471,SMA10422,SMA10417,,,,,,,,,,,,,,,,,,
3/19/23,SMA10463,SMA10416,SMA10460,SMA10464,SMA10448,SMA10426,SMA10421,SMA10423,SMA10452,SMA10428,SMA10429,SMA10395,SMA10415,SMA10469,SMA10414,SMA10471,SMA10422,SMA10417,,,,,,,,,,,,,,,,,,
3/20/23,SMA10463,SMA10416,SMA10460,SMA10464,SMA10448,SMA10426,SMA10421,SMA10423,SMA10452,SMA10428,SMA10429,SMA10395,SMA10415,SMA10469,SMA10414,SMA10471,SMA10422,SMA10417,,,,,,,,,,,,,,,,,,
3/21/23,SMA10463,SMA10416,SMA10460,SMA10464,SMA10448,SMA10426,SMA10421,SMA10423,SMA10452,SMA10428,SMA10429,SMA10395,SMA10415,SMA10469,SMA10414,SMA10471,SMA10422,SMA10417,,,,,,,,,,,,,,,,,,
3/22/23,SMA10463,SMA10416,SMA10460,SMA10464,SMA10448,SMA10426,SMA10421,SMA10423,SMA10452,SMA10428,SMA10429,SMA10395,SMA10415,SMA10469,SMA10414,SMA10471,SMA10422,SMA10417,,,,,,,,,,,,,,,,,,
3/23/23,SMA10463,SMA10416,SMA10460,SMA10464,SMA10448,SMA10426,SMA10421,SMA10423,SMA10452,SMA10428,SMA10429,SMA10395,SMA10415,SMA10469,SMA10414,SMA10471,SMA10422,SMA10417,,,,,,,,,,,,,,,,,,
3/24/23,SMA10463,SMA10416,SMA10460,SMA10464,SMA10448,SMA10426,SMA10421,SMA10423,SMA10452,SMA10428,SMA10429,SMA10395,SMA10415,SMA10469,SMA10414,SMA10471,SMA10422,SMA10417,,,,,,,,,,,,,,,,,,
3/25/23,SMA10463,SMA10416,SMA10460,SMA10464,SMA10448,SMA10426,SMA10421,SMA10423,SMA10452,SMA10428,SMA10429,SMA10395,SMA10415,SMA10469,SMA10414,SMA10471,SMA10422,SMA10417,,,,,,,,,,,,,,,,,,
3/26/23,SMA10463,SMA10416,SMA10460,SMA10464,SMA10448,SMA10426,SMA10421,SMA10423,SMA10452,SMA10428,SMA10429,SMA10395,SMA10415,SMA10469,SMA10414,SMA10471,SMA10422,SMA10417,,,,,,,,,,,,,,,,,,
3/27/23,SMA10463,SMA10416,SMA10460,SMA10464,SMA10448,SMA10426,SMA10421,SMA10423,SMA10452,SMA10428,SMA10429,SMA10395,SMA10415,SMA10469,SMA10414,SMA10471,SMA10422,SMA10417,,,,,,,,,,,,,,,,,,
3/28/23,SMA10463,SMA10416,SMA10460,SMA10464,SMA10448,SMA10426,SMA10421,SMA10423,SMA10452,SMA10428,SMA10429,SMA10395,SMA10415,SMA10469,SMA10414,SMA10471,SMA10422,SMA10417,,,,,,,,,,,,,,,,,,
3/29/23,SMA10463,SMA10416,SMA10460,SMA10464,SMA10448,SMA10426,SMA10421,SMA10423,SMA10452,SMA10428,SMA10429,SMA10395,SMA10415,SMA10469,SMA10414,SMA10471,SMA10422,SMA10417,,,,,,,,,,,,,,,,,,
3/30/23,SMA10463,SMA10416,SMA10460,SMA10464,SMA10448,SMA10426,SMA10421,SMA10423,SMA10452,SMA10428,SMA10429,SMA10395,SMA10415,SMA10469,SMA10414,SMA10471,SMA10422,SMA10417,,,,,,,,,,,,,,,,,,
3/31/23,SMA10463,SMA10416,SMA10460,SMA10464,SMA10448,SMA10426,SMA10421,SMA10423,SMA10452,SMA10428,SMA10429,SMA10395,SMA10415,SMA10469,SMA10414,SMA10471,SMA10422,SMA10417,,,,,,,,,,,,,,,,,,
4/1/23,SMA10463,SMA10416,SMA10460,SMA10464,SMA10448,SMA10426,SMA10421,SMA10423,SMA10452,SMA10428,SMA10429,SMA10395,SMA10415,SMA10469,SMA10414,SMA10471,SMA10422,SMA10417,,,,,,,,,,,,,,,,,,
4/2/23,SMA10463,SMA10416,SMA10460,SMA10464,SMA10448,SMA10426,SMA10421,SMA10423,SMA10452,SMA10428,SMA10429,SMA10395,SMA10415,SMA10469,SMA10414,SMA10471,SMA10422,SMA10417,,,,,,,,,,,,,,,,,,
4/3/23,SMA10463,SMA10416,SMA10460,SMA10464,SMA10448,SMA10426,SMA10421,SMA10423,SMA10452,SMA10428,SMA10429,SMA10395,SMA10415,SMA10469,SMA10414,SMA10471,SMA10422,SMA10417,,,,,,,,,,,,,,,,,,
4/4/23,SMA10463,SMA10416,SMA10460,SMA10464,SMA10448,SMA10426,SMA10421,SMA10423,SMA10452,SMA10428,SMA10429,SMA10395,SMA10415,SMA10469,SMA10414,SMA10471,SMA10422,SMA10417,,,,,,,,,,,,,,,,,,
4/5/23,SMA10463,SMA10416,SMA10460,SMA10464,SMA10448,SMA10426,SMA10421,SMA10423,SMA10452,SMA10428,SMA10429,SMA10395,SMA10415,SMA10469,SMA10414,SMA10471,SMA10422,SMA10417,,,,,,,,,,,,,,,,,,
4/6/23,SMA10463,SMA10416,SMA10460,SMA10464,SMA10448,SMA10426,SMA10421,SMA10423,SMA10452,SMA10428,SMA10429,SMA10395,SMA10415,SMA10469,SMA10414,SMA10471,SMA10422,SMA10417,,,,,,,,,,,,,,,,,,
4/7/23,SMA10463,SMA10416,SMA10460,SMA10464,SMA10448,SMA10426,SMA10421,SMA10423,SMA10452,SMA10428,SMA10429,SMA10395,SMA10415,SMA10469,SMA10414,SMA10471,SMA10422,SMA10417,,,,,,,,,,,,,,,,,,
4/8/23,SMA10463,SMA10416,SMA10460,SMA10464,SMA10448,SMA10426,SMA10421,SMA10423,SMA10452,SMA10428,SMA10429,SMA10395,SMA10415,SMA10469,SMA10414,SMA10471,SMA10422,SMA10417,,,,,,,,,,,,,,,,,,
4/9/23,SMA10463,SMA10416,SMA10460,SMA10464,SMA10448,SMA10426,SMA10421,SMA10423,SMA10452,SMA10428,SMA10429,SMA10395,SMA10415,SMA10469,SMA10414,SMA10471,SMA10422,SMA10417,,,,,,,,,,,,,,,,,,
4/10/23,SMA10463,SMA10416,SMA10460,SMA10464,SMA10448,SMA10426,SMA10421,SMA10423,SMA10452,SMA10428,SMA10429,SMA10395,SMA10415,SMA10469,SMA10414,SMA10471,SMA10422,SMA10417,,,,,,,,,,,,,,,,,,
4/11/23,SMA10463,SMA10416,SMA10460,SMA10464,SMA10448,SMA10426,SMA10421,SMA10423,SMA10452,SMA10428,SMA10429,SMA10395,SMA10415,SMA10469,SMA10414,SMA10471,SMA10422,SMA10417,,,,,,,,,,,,,,,,,,
4/12/23,SMA10463,SMA10416,SMA10460,SMA10464,SMA10448,SMA10426,SMA10421,SMA10423,SMA10452,SMA10428,SMA10429,SMA10395,SMA10415,SMA10469,SMA10414,SMA10471,SMA10422,SMA10417,,,,,,,,,,,,,,,,,,
4/13/23,SMA10463,SMA10416,SMA10460,SMA10464,SMA10448,SMA10426,SMA10421,SMA10423,SMA10452,SMA10428,SMA10429,SMA10395,SMA10415,SMA10469,SMA10414,SMA10471,SMA10422,SMA10417,,,,,,,,,,,,,,,,,,
4/14/23,SMA10463,SMA10416,SMA10460,SMA10464,SMA10448,SMA10426,SMA10421,SMA10423,SMA10452,SMA10428,SMA10429,SMA10395,SMA10415,SMA10469,SMA10414,SMA10471,SMA10422,SMA10417,,,,,,,,,,,,,,,,,,
4/15/23,SMA10463,SMA10416,SMA10460,SMA10464,SMA10448,SMA10426,SMA10421,SMA10423,SMA10452,SMA10428,SMA10429,SMA10395,SMA10415,SMA10469,SMA10414,SMA10471,SMA10422,SMA10417,,,,,,,,,,,,,,,,,,
4/16/23,SMA10463,SMA10416,SMA10460,SMA10464,SMA10448,SMA10426,SMA10421,SMA10423,SMA10452,SMA10428,SMA10429,SMA10395,SMA10415,SMA10469,SMA10414,SMA10471,SMA10422,SMA10417,,,,,,,,,,,,,,,,,,
4/17/23,SMA10463,SMA10416,SMA10460,SMA10464,SMA10448,SMA10426,SMA10421,SMA10423,SMA10452,SMA10428,SMA10429,SMA10395,SMA10415,SMA10469,SMA10414,SMA10471,SMA10422,SMA10417,,,,,,,,,,,,,,,,,,
4/18/23,SMA10463,SMA10416,SMA10460,SMA10464,SMA10448,SMA10426,SMA10421,SMA10423,SMA10452,SMA10428,SMA10429,SMA10395,SMA10415,SMA10469,SMA10414,SMA10471,SMA10422,SMA10417,,,,,,,,,,,,,,,,,,
4/19/23,SMA10463,SMA10416,SMA10460,SMA10464,SMA10448,SMA10426,SMA10421,SMA10423,SMA10452,SMA10428,SMA10429,SMA10395,SMA10415,SMA10469,SMA10414,SMA10471,SMA10422,SMA10417,,,,,,,,,,,,,,,,,,
4/20/23,SMA10463,SMA10416,SMA10460,SMA10464,SMA10448,SMA10426,SMA10421,SMA10423,SMA10452,SMA10428,SMA10429,SMA10395,SMA10415,SMA10469,SMA10414,SMA10471,SMA10422,SMA10417,,,,,,,,,,,,,,,,,,
4/21/23,SMA10463,SMA10416,SMA10460,SMA10464,SMA10448,SMA10426,SMA10421,SMA10423,SMA10452,SMA10428,SMA10429,SMA10395,SMA10415,SMA10469,SMA10414,SMA10471,SMA10422,SMA10417,,,,,,,,,,,,,,,,,,
4/22/23,SMA10463,SMA10416,SMA10460,SMA10464,SMA10448,SMA10426,SMA10421,SMA10423,SMA10452,SMA10428,SMA10429,SMA10395,SMA10415,SMA10469,SMA10414,SMA10471,SMA10422,SMA10417,,,,,,,,,,,,,,,,,,
4/23/23,SMA10463,SMA10416,SMA10460,SMA10464,SMA10448,SMA10426,SMA10421,SMA10423,SMA10452,SMA10428,SMA10429,SMA10395,SMA10415,SMA10469,SMA10414,SMA10471,SMA10422,SMA10417,,,,,,,,,,,,,,,,,,
4/24/23,SMA10463,SMA10416,SMA10460,SMA10464,SMA10448,SMA10426,SMA10421,SMA10423,SMA10452,SMA10428,SMA10429,SMA10395,SMA10415,SMA10469,SMA10414,SMA10471,SMA10422,SMA10417,,,,,,,,,,,,,,,,,,
4/25/23,SMA10463,SMA10416,SMA10460,SMA10464,SMA10448,SMA10426,SMA10421,SMA10423,SMA10452,SMA10428,SMA10429,SMA10395,SMA10415,SMA10469,SMA10414,SMA10471,SMA10422,SMA10417,,,,,,,,,,,,,,,,,,
4/26/23,SMA10463,SMA10416,SMA10460,SMA10464,SMA10448,SMA10426,SMA10421,SMA10423,SMA10452,SMA10428,SMA10429,SMA10395,SMA10415,SMA10469,SMA10414,SMA10471,SMA10422,SMA10417,,,,,,,,,,,,,,,,,,
4/27/23,SMA10463,SMA10416,SMA10460,SMA10464,SMA10448,SMA10426,SMA10421,SMA10423,SMA10452,SMA10428,SMA10429,SMA10395,SMA10415,SMA10469,SMA10414,SMA10471,SMA10422,SMA10417,,,,,,,,,,,,,,,,,,
4/28/23,SMA10463,SMA10416,SMA10460,SMA10464,SMA10448,SMA10426,SMA10421,SMA10423,SMA10452,SMA10428,SMA10429,SMA10395,SMA10415,SMA10469,SMA10414,SMA10471,SMA10422,SMA10417,,,,,,,,,,,,,,,,,,
4/29/23,SMA10463,SMA10416,SMA10460,SMA10464,SMA10448,SMA10426,SMA10421,SMA10423,SMA10452,SMA10428,SMA10429,SMA10395,SMA10415,SMA10469,SMA10414,SMA10471,SMA10422,SMA10417,,,,,,,,,,,,,,,,,,
4/30/23,SMA10463,SMA10416,SMA10460,SMA10464,SMA10448,SMA10426,SMA10421,SMA10423,SMA10452,SMA10428,SMA10429,SMA10395,SMA10415,SMA10469,SMA10414,SMA10471,SMA10422,SMA10417,,,,,,,,,,,,,,,,,,
5/1/23,SMA10463,SMA10416,SMA10460,SMA10464,SMA10448,SMA10426,SMA10421,SMA10423,SMA10452,SMA10428,SMA10429,SMA10395,SMA10415,SMA10469,SMA10414,SMA10471,SMA10422,SMA10417,,,,,,,,,,,,,,,,,,
5/2/23,SMA10463,SMA10416,SMA10460,SMA10464,SMA10448,SMA10426,SMA10421,SMA10423,SMA10452,SMA10428,SMA10429,SMA10395,SMA10415,SMA10469,SMA10414,SMA10471,SMA10422,SMA10417,,,,,,,,,,,,,,,,,,
5/3/23,SMA10463,SMA10416,SMA10460,SMA10464,SMA10448,SMA10426,SMA10421,SMA10423,SMA10452,SMA10428,SMA10429,SMA10395,SMA10415,SMA10469,SMA10414,SMA10471,SMA10422,SMA10417,,,,,,,,,,,,,,,,,,
5/4/23,SMA10463,SMA10416,SMA10460,SMA10464,SMA10448,SMA10426,SMA10421,SMA10423,SMA10452,SMA10428,SMA10429,SMA10395,SMA10415,SMA10469,SMA10414,SMA10471,SMA10422,SMA10417,,,,,,,,,,,,,,,,,,
5/5/23,SMA10463,SMA10416,SMA10460,SMA10464,SMA10448,SMA10426,SMA10421,SMA10423,SMA10452,SMA10428,SMA10429,SMA10395,SMA10415,SMA10469,SMA10414,SMA10471,SMA10422,SMA10417,,,,,,,,,,,,,,,,,,
5/6/23,SMA10463,SMA10416,SMA10460,SMA10464,SMA10448,SMA10426,SMA10421,SMA10423,SMA10452,SMA10428,SMA10429,SMA10395,SMA10415,SMA10469,SMA10414,SMA10471,SMA10422,SMA10417,,,,,,,,,,,,,,,,,,
5/7/23,SMA10463,SMA10416,SMA10460,SMA10464,SMA10448,SMA10426,SMA10421,SMA10423,SMA10452,SMA10428,SMA10429,SMA10395,SMA10415,SMA10469,SMA10414,SMA10471,SMA10422,SMA10417,,,,,,,,,,,,,,,,,,
5/8/23,SMA10463,SMA10416,SMA10460,SMA10464,SMA10448,SMA10426,SMA10421,SMA10423,SMA10452,SMA10428,SMA10429,SMA10395,SMA10415,SMA10469,SMA10414,SMA10471,SMA10422,SMA10417,,,,,,,,,,,,,,,,,,
5/9/23,SMA10463,SMA10416,SMA10460,SMA10464,SMA10448,SMA10426,SMA10421,SMA10423,SMA10452,SMA10428,SMA10429,SMA10395,SMA10415,SMA10469,SMA10414,SMA10471,SMA10422,SMA10417,,,,,,,,,,,,,,,,,,
5/10/23,SMA10463,SMA10416,SMA10460,SMA10464,SMA10448,SMA10426,SMA10421,SMA10423,SMA10452,SMA10428,SMA10429,SMA10395,SMA10415,SMA10469,SMA10414,SMA10471,SMA10422,SMA10417,,,,,,,,,,,,,,,,,,
5/11/23,SMA10463,SMA10416,SMA10460,SMA10464,SMA10448,SMA10426,SMA10421,SMA10423,SMA10452,SMA10428,SMA10429,SMA10395,SMA10415,SMA10469,SMA10414,SMA10471,SMA10422,SMA10417,,,,,,,,,,,,,,,,,,
5/12/23,SMA10463,SMA10416,SMA10460,SMA10464,SMA10448,SMA10426,SMA10421,SMA10423,SMA10452,SMA10428,SMA10429,SMA10395,SMA10415,SMA10469,SMA10414,SMA10471,SMA10422,SMA10417,,,,,,,,,,,,,,,,,,
5/13/23,SMA10463,SMA10416,SMA10460,SMA10464,SMA10448,SMA10426,SMA10421,SMA10423,SMA10452,SMA10428,SMA10429,SMA10395,SMA10415,SMA10469,SMA10414,SMA10471,SMA10422,SMA10417,,,,,,,,,,,,,,,,,,
5/14/23,SMA10463,SMA10416,SMA10460,SMA10464,SMA10448,SMA10426,SMA10421,SMA10423,SMA10452,SMA10428,SMA10429,SMA10395,SMA10415,SMA10469,SMA10414,SMA10471,SMA10422,SMA10417,,,,,,,,,,,,,,,,,,
5/15/23,SMA10463,SMA10416,SMA10460,SMA10464,SMA10448,SMA10426,SMA10421,SMA10423,SMA10452,SMA10428,SMA10429,SMA10395,SMA10415,SMA10469,SMA10414,SMA10471,SMA10422,SMA10417,,,,,,,,,,,,,,,,,,
5/16/23,SMA10463,SMA10416,SMA10460,SMA10464,SMA10448,SMA10426,SMA10421,SMA10423,SMA10452,SMA10428,SMA10429,SMA10395,SMA10415,SMA10469,SMA10414,SMA10471,SMA10422,SMA10417,,,,,,,,,,,,,,,,,,
5/17/23,SMA10463,SMA10416,SMA10460,SMA10464,SMA10448,SMA10426,SMA10421,SMA10423,SMA10452,SMA10428,SMA10429,SMA10395,SMA10415,SMA10469,SMA10414,SMA10471,SMA10422,SMA10417,,,,,,,,,,,,,,,,,,
5/18/23,SMA10463,SMA10416,SMA10460,SMA10464,SMA10448,SMA10426,SMA10421,SMA10423,SMA10452,SMA10428,SMA10429,SMA10395,SMA10415,SMA10469,SMA10414,SMA10471,SMA10422,SMA10417,,,,,,,,,,,,,,,,,,
5/19/23,SMA10463,SMA10416,SMA10460,SMA10464,SMA10448,SMA10426,SMA10421,SMA10423,SMA10452,SMA10428,SMA10429,SMA10395,SMA10415,SMA10469,SMA10414,SMA10471,SMA10422,SMA10417,,,,,,,,,,,,,,,,,,
5/20/23,SMA10463,SMA10416,SMA10460,SMA10464,SMA10448,SMA10426,SMA10421,SMA10423,SMA10452,SMA10428,SMA10429,SMA10395,SMA10415,SMA10469,SMA10414,SMA10471,SMA10422,SMA10417,,,,,,,,,,,,,,,,,,
5/21/23,SMA10463,SMA10416,SMA10460,SMA10464,SMA10448,SMA10426,SMA10421,SMA10423,SMA10452,SMA10428,SMA10429,SMA10395,SMA10415,SMA10469,SMA10414,SMA10471,SMA10422,SMA10417,,,,,,,,,,,,,,,,,,
5/22/23,SMA10463,SMA10416,SMA10460,SMA10464,SMA10448,SMA10426,SMA10421,SMA10423,SMA10452,SMA10428,SMA10429,SMA10395,SMA10415,SMA10469,SMA10414,SMA10471,SMA10422,SMA10417,,,,,,,,,,,,,,,,,,
5/23/23,SMA10463,SMA10416,SMA10460,SMA10464,SMA10448,SMA10426,SMA10421,SMA10423,SMA10452,SMA10428,SMA10429,SMA10395,SMA10415,SMA10469,SMA10414,SMA10471,SMA10422,SMA10417,,,,,,,,,,,,,,,,,,
5/24/23,SMA10463,SMA10416,SMA10460,SMA10464,SMA10448,SMA10426,SMA10421,SMA10423,SMA10452,SMA10428,SMA10429,SMA10395,SMA10415,SMA10469,SMA10414,SMA10471,SMA10422,SMA10417,,,,,,,,,,,,,,,,,,
5/25/23,SMA10463,SMA10416,SMA10460,SMA10464,SMA10448,SMA10426,SMA10421,SMA10423,SMA10452,SMA10428,SMA10429,SMA10395,SMA10415,SMA10469,SMA10414,SMA10471,SMA10422,SMA10417,,,,,,,,,,,,,,,,,,
5/26/23,SMA10463,SMA10416,SMA10460,SMA10464,SMA10448,SMA10426,SMA10421,SMA10423,SMA10452,SMA10428,SMA10429,SMA10395,SMA10415,SMA10469,SMA10414,SMA10471,SMA10422,SMA10417,,,,,,,,,,,,,,,,,,
5/27/23,SMA10463,SMA10416,SMA10460,SMA10464,SMA10448,SMA10426,SMA10421,SMA10423,SMA10452,SMA10428,SMA10429,SMA10395,SMA10415,SMA10469,SMA10414,SMA10471,SMA10422,SMA10417,,,,,,,,,,,,,,,,,,
5/28/23,SMA10463,SMA10416,SMA10460,SMA10464,SMA10448,SMA10426,SMA10421,SMA10423,SMA10452,SMA10428,SMA10429,SMA10395,SMA10415,SMA10469,SMA10414,SMA10471,SMA10422,SMA10417,,,,,,,,,,,,,,,,,,
5/29/23,SMA10463,SMA10416,SMA10460,SMA10464,SMA10448,SMA10426,SMA10421,SMA10423,SMA10452,SMA10428,SMA10429,SMA10395,SMA10415,SMA10469,SMA10414,SMA10471,SMA10422,SMA10417,,,,,,,,,,,,,,,,,,
5/30/23,SMA10463,SMA10416,SMA10460,SMA10464,SMA10448,SMA10426,SMA10421,SMA10423,SMA10452,SMA10428,SMA10429,SMA10395,SMA10415,SMA10469,SMA10414,SMA10471,SMA10422,SMA10417,,,,,,,,,,,,,,,,,,
5/31/23,SMA10463,SMA10416,SMA10460,SMA10464,SMA10448,SMA10426,SMA10421,SMA10423,SMA10452,SMA10428,SMA10429,SMA10395,SMA10415,SMA10469,SMA10414,SMA10471,SMA10422,SMA10417,,,,,,,,,,,,,,,,,,
6/1/23,SMA10463,SMA10416,SMA10460,SMA10464,SMA10448,SMA10426,SMA10421,SMA10423,SMA10452,SMA10428,SMA10429,SMA10395,SMA10415,SMA10469,SMA10414,SMA10471,SMA10422,SMA10417,,,,,,,,,,,,,,,,,,
6/2/23,SMA10463,SMA10416,SMA10460,SMA10464,SMA10448,SMA10426,SMA10421,SMA10423,SMA10452,SMA10428,SMA10429,SMA10395,SMA10415,SMA10469,SMA10414,SMA10471,SMA10422,SMA10417,,,,,,,,,,,,,,,,,,
6/3/23,SMA10463,SMA10416,SMA10460,SMA10464,SMA10448,SMA10426,SMA10421,SMA10423,SMA10452,SMA10428,SMA10429,SMA10395,SMA10415,SMA10469,SMA10414,SMA10471,SMA10422,SMA10417,,,,,,,,,,,,,,,,,,
6/4/23,SMA10463,SMA10416,SMA10460,SMA10464,SMA10448,SMA10426,SMA10421,SMA10423,SMA10452,SMA10428,SMA10429,SMA10395,SMA10415,SMA10469,SMA10414,SMA10471,SMA10422,SMA10417,,,,,,,,,,,,,,,,,,
6/5/23,SMA10463,SMA10416,SMA10460,SMA10464,SMA10448,SMA10426,SMA10421,SMA10423,SMA10452,SMA10428,SMA10429,SMA10395,SMA10415,SMA10469,SMA10414,SMA10471,SMA10422,SMA10417,,,,,,,,,,,,,,,,,,
6/6/23,SMA10463,SMA10416,SMA10460,SMA10464,SMA10448,SMA10426,SMA10421,SMA10423,SMA10452,SMA10428,SMA10429,SMA10395,SMA10415,SMA10469,SMA10414,SMA10471,SMA10422,SMA10417,,,,,,,,,,,,,,,,,,
6/7/23,SMA10463,SMA10416,SMA10460,SMA10464,SMA10448,SMA10426,SMA10421,SMA10423,SMA10452,SMA10428,SMA10429,SMA10395,SMA10415,SMA10469,SMA10414,SMA10471,SMA10422,SMA10417,,,,,,,,,,,,,,,,,,
6/8/23,SMA10463,SMA10416,SMA10460,SMA10464,SMA10448,SMA10426,SMA10421,SMA10423,SMA10452,SMA10428,SMA10429,SMA10395,SMA10415,SMA10469,SMA10414,SMA10471,SMA10422,SMA10417,,,,,,,,,,,,,,,,,,
6/9/23,SMA10463,SMA10416,SMA10460,SMA10464,SMA10448,SMA10426,SMA10421,SMA10423,SMA10452,SMA10428,SMA10429,SMA10395,SMA10415,SMA10469,SMA10414,SMA10471,SMA10422,SMA10417,,,,,,,,,,,,,,,,,,
6/10/23,SMA10463,SMA10416,SMA10460,SMA10464,SMA10448,SMA10426,SMA10421,SMA10423,SMA10452,SMA10428,SMA10429,SMA10395,SMA10415,SMA10469,SMA10414,SMA10471,SMA10422,SMA10417,SMA10467,SMA10424,SMA10458,SMA10451,SMA10465,SMA10427,SMA10466,SMA10468,SMA10470,SMA10449,,,,,,,,
6/11/23,SMA10463,SMA10416,SMA10460,SMA10464,SMA10448,SMA10426,SMA10421,SMA10423,SMA10452,SMA10428,SMA10429,SMA10395,SMA10415,SMA10469,SMA10414,SMA10471,SMA10422,SMA10417,SMA10467,SMA10424,SMA10458,SMA10451,SMA10465,SMA10427,SMA10466,SMA10468,SMA10470,SMA10449,,,,,,,,
6/12/23,SMA10463,SMA10416,SMA10460,SMA10464,SMA10448,SMA10426,SMA10421,SMA10423,SMA10452,SMA10428,SMA10429,SMA10395,SMA10415,SMA10469,SMA10414,SMA10471,SMA10422,SMA10417,SMA10467,SMA10424,SMA10458,SMA10451,SMA10465,SMA10427,SMA10466,SMA10468,SMA10470,SMA10449,,,,,,,,
6/13/23,SMA10463,SMA10416,SMA10460,SMA10464,SMA10448,SMA10426,SMA10421,SMA10423,SMA10452,SMA10428,SMA10429,SMA10395,SMA10415,SMA10469,SMA10414,SMA10471,SMA10422,SMA10417,SMA10467,SMA10424,SMA10458,SMA10451,SMA10465,SMA10427,SMA10466,SMA10468,SMA10470,SMA10449,,,,,,,,
6/14/23,SMA10463,SMA10416,SMA10460,SMA10464,SMA10448,SMA10426,SMA10421,SMA10423,SMA10452,SMA10428,SMA10429,SMA10395,SMA10415,SMA10469,SMA10414,SMA10471,SMA10422,SMA10417,SMA10467,SMA10424,SMA10458,SMA10451,SMA10465,SMA10427,SMA10466,SMA10468,SMA10470,SMA10449,,,,,,,,
6/15/23,SMA10463,SMA10416,SMA10460,SMA10464,SMA10448,SMA10426,SMA10421,SMA10423,SMA10452,SMA10428,SMA10429,SMA10395,SMA10415,SMA10469,SMA10414,SMA10471,SMA10422,SMA10417,SMA10467,SMA10424,SMA10458,SMA10451,SMA10465,SMA10427,SMA10466,SMA10468,SMA10470,SMA10449,,,,,,,,
6/16/23,SMA10463,SMA10416,SMA10460,SMA10464,SMA10448,SMA10426,SMA10421,SMA10423,SMA10452,SMA10428,SMA10429,SMA10395,SMA10415,SMA10469,SMA10414,SMA10471,SMA10422,SMA10417,SMA10467,SMA10424,SMA10458,SMA10451,SMA10465,SMA10427,SMA10466,SMA10468,SMA10470,SMA10449,,,,,,,,
6/17/23,SMA10463,SMA10416,SMA10460,SMA10464,SMA10448,SMA10426,SMA10421,SMA10423,SMA10452,SMA10428,SMA10429,SMA10395,SMA10415,SMA10469,SMA10414,SMA10471,SMA10422,SMA10417,SMA10467,SMA10424,SMA10458,SMA10451,SMA10465,SMA10427,SMA10466,SMA10468,SMA10470,SMA10449,,,,,,,,
6/18/23,SMA10463,SMA10416,SMA10460,SMA10464,SMA10448,SMA10426,SMA10421,SMA10423,SMA10452,SMA10428,SMA10429,SMA10395,SMA10415,SMA10469,SMA10414,SMA10471,SMA10422,SMA10417,SMA10467,SMA10424,SMA10458,SMA10451,SMA10465,SMA10427,SMA10466,SMA10468,SMA10470,SMA10449,,,,,,,,
6/19/23,SMA10463,SMA10416,SMA10460,SMA10464,SMA10448,SMA10426,SMA10421,SMA10423,SMA10452,SMA10428,SMA10429,SMA10395,SMA10415,SMA10469,SMA10414,SMA10471,SMA10422,SMA10417,SMA10467,SMA10424,SMA10458,SMA10451,SMA10465,SMA10427,SMA10466,SMA10468,SMA10470,SMA10449,,,,,,,,
6/20/23,SMA10463,SMA10416,SMA10460,SMA10464,SMA10448,SMA10426,SMA10421,SMA10423,SMA10452,SMA10428,SMA10429,SMA10395,SMA10415,SMA10469,SMA10414,SMA10471,SMA10422,SMA10417,SMA10467,SMA10424,SMA10458,SMA10451,SMA10465,SMA10427,SMA10466,SMA10468,SMA10470,SMA10449,,,,,,,,
6/21/23,SMA10463,SMA10416,SMA10460,SMA10464,SMA10448,SMA10426,SMA10421,SMA10423,SMA10452,SMA10428,SMA10429,SMA10395,SMA10415,SMA10469,SMA10414,SMA10471,SMA10422,SMA10417,SMA10467,SMA10424,SMA10458,SMA10451,SMA10465,SMA10427,SMA10466,SMA10468,SMA10470,SMA10449,,,,,,,,
6/22/23,SMA10463,SMA10416,SMA10460,SMA10464,SMA10448,SMA10426,SMA10421,SMA10423,SMA10452,SMA10428,SMA10429,SMA10395,SMA10415,SMA10469,SMA10414,SMA10471,SMA10422,SMA10417,SMA10467,SMA10424,SMA10458,SMA10451,SMA10465,SMA10427,SMA10466,SMA10468,SMA10470,SMA10449,,,,,,,,
6/23/23,SMA10463,SMA10416,SMA10460,SMA10464,SMA10448,SMA10426,SMA10421,SMA10423,SMA10452,SMA10428,SMA10429,SMA10395,SMA10415,SMA10469,SMA10414,SMA10471,SMA10422,SMA10417,SMA10467,SMA10424,SMA10458,SMA10451,SMA10465,SMA10427,SMA10466,SMA10468,SMA10470,SMA10449,,,,,,,,
6/24/23,SMA10463,SMA10416,SMA10460,SMA10464,SMA10448,SMA10426,SMA10421,SMA10423,SMA10452,SMA10428,SMA10429,SMA10395,SMA10415,SMA10469,SMA10414,SMA10471,SMA10422,SMA10417,SMA10467,SMA10424,SMA10458,SMA10451,SMA10465,SMA10427,SMA10466,SMA10468,SMA10470,SMA10449,,,,,,,,
6/25/23,SMA10463,SMA10416,SMA10460,SMA10464,SMA10448,SMA10426,SMA10421,SMA10423,SMA10452,SMA10428,SMA10429,SMA10395,SMA10415,SMA10469,SMA10414,SMA10471,SMA10422,SMA10417,SMA10467,SMA10424,SMA10458,SMA10451,SMA10465,SMA10427,SMA10466,SMA10468,SMA10470,SMA10449,,,,,,,,
6/26/23,SMA10463,SMA10416,SMA10460,SMA10464,SMA10448,SMA10426,SMA10421,SMA10423,SMA10452,SMA10428,SMA10429,SMA10395,SMA10415,SMA10469,SMA10414,SMA10471,SMA10422,SMA10417,SMA10467,SMA10424,SMA10458,SMA10451,SMA10465,SMA10427,SMA10466,SMA10468,SMA10470,SMA10449,,,,,,,,
6/27/23,SMA10463,SMA10416,SMA10460,SMA10464,SMA10448,SMA10426,SMA10421,SMA10423,SMA10452,SMA10428,SMA10429,SMA10395,SMA10415,SMA10469,SMA10414,SMA10471,SMA10422,SMA10417,SMA10467,SMA10424,SMA10458,SMA10451,SMA10465,SMA10427,SMA10466,SMA10468,SMA10470,SMA10449,,,,,,,,
6/28/23,SMA10463,SMA10416,SMA10460,SMA10464,SMA10448,SMA10426,SMA10421,SMA10423,SMA10452,SMA10428,SMA10429,SMA10395,SMA10415,SMA10469,SMA10414,SMA10471,SMA10422,SMA10417,SMA10467,SMA10424,SMA10458,SMA10451,SMA10465,SMA10427,SMA10466,SMA10468,SMA10470,SMA10449,,,,,,,,
6/29/23,SMA10463,SMA10416,SMA10460,SMA10464,SMA10448,SMA10426,SMA10421,SMA10423,SMA10452,SMA10428,SMA10429,SMA10395,SMA10415,SMA10469,SMA10414,SMA10471,SMA10422,SMA10417,SMA10467,SMA10424,SMA10458,SMA10451,SMA10465,SMA10427,SMA10466,SMA10468,SMA10470,SMA10449,,,,,,,,
6/30/23,SMA10463,SMA10416,SMA10460,SMA10464,SMA10448,SMA10426,SMA10421,SMA10423,SMA10452,SMA10428,SMA10429,SMA10395,SMA10415,SMA10469,SMA10414,SMA10471,SMA10422,SMA10417,SMA10467,SMA10424,SMA10458,SMA10451,SMA10465,SMA10427,SMA10466,SMA10468,SMA10470,SMA10449,,,,,,,,
7/1/23,SMA10463,SMA10416,SMA10460,SMA10464,SMA10448,SMA10426,SMA10421,SMA10423,SMA10452,SMA10428,SMA10429,SMA10395,SMA10415,SMA10469,SMA10414,SMA10471,SMA10422,SMA10417,SMA10467,SMA10424,SMA10458,SMA10451,SMA10465,SMA10427,SMA10466,SMA10468,SMA10470,SMA10449,,,,,,,,
7/2/23,SMA10463,SMA10416,SMA10460,SMA10464,SMA10448,SMA10426,SMA10421,SMA10423,SMA10452,SMA10428,SMA10429,SMA10395,SMA10415,SMA10469,SMA10414,SMA10471,SMA10422,SMA10417,SMA10467,SMA10424,SMA10458,SMA10451,SMA10465,SMA10427,SMA10466,SMA10468,SMA10470,SMA10449,,,,,,,,
7/3/23,SMA10463,SMA10416,SMA10460,SMA10464,SMA10448,SMA10426,SMA10421,SMA10423,SMA10452,SMA10428,SMA10429,SMA10395,SMA10415,SMA10469,SMA10414,SMA10471,SMA10422,SMA10417,SMA10467,SMA10424,SMA10458,SMA10451,SMA10465,SMA10427,SMA10466,SMA10468,SMA10470,SMA10449,,,,,,,,
7/4/23,SMA10463,SMA10416,SMA10460,SMA10464,SMA10448,SMA10426,SMA10421,SMA10423,SMA10452,SMA10428,SMA10429,SMA10395,SMA10415,SMA10469,SMA10414,SMA10471,SMA10422,SMA10417,SMA10467,SMA10424,SMA10458,SMA10451,SMA10465,SMA10427,SMA10466,SMA10468,SMA10470,SMA10449,,,,,,,,
7/5/23,SMA10463,SMA10416,SMA10460,SMA10464,SMA10448,SMA10426,SMA10421,SMA10423,SMA10452,SMA10428,SMA10429,SMA10395,SMA10415,SMA10469,SMA10414,SMA10471,SMA10422,SMA10417,SMA10467,SMA10424,SMA10458,SMA10451,SMA10465,SMA10427,SMA10466,SMA10468,SMA10470,SMA10449,,,,,,,,
7/6/23,SMA10463,SMA10416,SMA10460,SMA10464,SMA10448,SMA10426,SMA10421,SMA10423,SMA10452,SMA10428,SMA10429,SMA10395,SMA10415,SMA10469,SMA10414,SMA10471,SMA10422,SMA10417,SMA10467,SMA10424,SMA10458,SMA10451,SMA10465,SMA10427,SMA10466,SMA10468,SMA10470,SMA10449,,,,,,,,
7/7/23,SMA10463,SMA10416,SMA10460,SMA10464,SMA10448,SMA10426,SMA10421,SMA10423,SMA10452,SMA10428,SMA10429,SMA10395,SMA10415,SMA10469,SMA10414,SMA10471,SMA10422,SMA10417,SMA10467,SMA10424,SMA10458,SMA10451,SMA10465,SMA10427,SMA10466,SMA10468,SMA10470,SMA10449,,,,,,,,
7/8/23,SMA10463,SMA10416,SMA10460,SMA10464,SMA10448,SMA10426,SMA10421,SMA10423,SMA10452,SMA10428,SMA10429,SMA10395,SMA10415,SMA10469,SMA10414,SMA10471,SMA10422,SMA10417,SMA10467,SMA10424,SMA10458,SMA10451,SMA10465,SMA10427,SMA10466,SMA10468,SMA10470,SMA10449,,,,,,,,
7/9/23,SMA10463,SMA10416,SMA10460,SMA10464,SMA10448,SMA10426,SMA10421,SMA10423,SMA10452,SMA10428,SMA10429,SMA10395,SMA10415,SMA10469,SMA10414,SMA10471,SMA10422,SMA10417,SMA10467,SMA10424,SMA10458,SMA10451,SMA10465,SMA10427,SMA10466,SMA10468,SMA10470,SMA10449,,,,,,,,
7/10/23,SMA10463,SMA10416,SMA10460,SMA10464,SMA10448,SMA10426,SMA10421,SMA10423,SMA10452,SMA10428,SMA10429,SMA10395,SMA10415,SMA10469,SMA10414,SMA10471,SMA10422,SMA10417,SMA10467,SMA10424,SMA10458,SMA10451,SMA10465,SMA10427,SMA10466,SMA10468,SMA10470,SMA10449,,,,,,,,
7/11/23,SMA10463,SMA10416,SMA10460,SMA10464,SMA10448,SMA10426,SMA10421,SMA10423,SMA10452,SMA10428,SMA10429,SMA10395,SMA10415,SMA10469,SMA10414,SMA10471,SMA10422,SMA10417,SMA10467,SMA10424,SMA10458,SMA10451,SMA10465,SMA10427,SMA10466,SMA10468,SMA10470,SMA10449,,,,,,,,
7/12/23,SMA10463,SMA10416,SMA10460,SMA10464,SMA10448,SMA10426,SMA10421,SMA10423,SMA10452,SMA10428,SMA10429,SMA10395,SMA10415,SMA10469,SMA10414,SMA10471,SMA10422,SMA10417,SMA10467,SMA10424,SMA10458,SMA10451,SMA10465,SMA10427,SMA10466,SMA10468,SMA10470,SMA10449,,,,,,,,
7/13/23,SMA10463,SMA10416,SMA10460,SMA10464,SMA10448,SMA10426,SMA10421,SMA10423,SMA10452,SMA10428,SMA10429,SMA10395,SMA10415,SMA10469,SMA10414,SMA10471,SMA10422,SMA10417,SMA10467,SMA10424,SMA10458,SMA10451,SMA10465,SMA10427,SMA10466,SMA10468,SMA10470,SMA10449,,,,,,,,
7/14/23,SMA10463,SMA10416,SMA10460,SMA10464,SMA10448,SMA10426,SMA10421,SMA10423,SMA10452,SMA10428,SMA10429,SMA10395,SMA10415,SMA10469,SMA10414,SMA10471,SMA10422,SMA10417,SMA10467,SMA10424,SMA10458,SMA10451,SMA10465,SMA10427,SMA10466,SMA10468,SMA10470,SMA10449,,,,,,,,
7/15/23,SMA10463,SMA10416,SMA10460,SMA10464,SMA10448,SMA10426,SMA10421,SMA10423,SMA10452,SMA10428,SMA10429,SMA10395,SMA10415,SMA10469,SMA10414,SMA10471,SMA10422,SMA10417,SMA10467,SMA10424,SMA10458,SMA10451,SMA10465,SMA10427,SMA10466,SMA10468,SMA10470,SMA10449,,,,,,,,
7/16/23,SMA10463,SMA10416,SMA10460,SMA10464,SMA10448,SMA10426,SMA10421,SMA10423,SMA10452,SMA10428,SMA10429,SMA10395,SMA10415,SMA10469,SMA10414,SMA10471,SMA10422,SMA10417,SMA10467,SMA10424,SMA10458,SMA10451,SMA10465,SMA10427,SMA10466,SMA10468,SMA10470,SMA10449,,,,,,,,
7/17/23,SMA10463,SMA10416,SMA10460,SMA10464,SMA10448,SMA10426,SMA10421,SMA10423,SMA10452,SMA10428,SMA10429,SMA10395,SMA10415,SMA10469,SMA10414,SMA10471,SMA10422,SMA10417,SMA10467,SMA10424,SMA10458,SMA10451,SMA10465,SMA10427,SMA10466,SMA10468,SMA10470,SMA10449,,,,,,,,
7/18/23,SMA10463,SMA10416,SMA10460,SMA10464,SMA10448,SMA10426,SMA10421,SMA10423,SMA10452,SMA10428,SMA10429,SMA10395,SMA10415,SMA10469,SMA10414,SMA10471,SMA10422,SMA10417,SMA10467,SMA10424,SMA10458,SMA10451,SMA10465,SMA10427,SMA10466,SMA10468,SMA10470,SMA10449,,,,,,,,
7/19/23,SMA10463,SMA10416,SMA10460,SMA10464,SMA10448,SMA10426,SMA10421,SMA10423,SMA10452,SMA10428,SMA10429,SMA10395,SMA10415,SMA10469,SMA10414,SMA10471,SMA10422,SMA10417,SMA10467,SMA10424,SMA10458,SMA10451,SMA10465,SMA10427,SMA10466,SMA10468,SMA10470,SMA10449,,,,,,,,
7/20/23,SMA10463,SMA10416,SMA10460,SMA10464,SMA10448,SMA10426,SMA10421,SMA10423,SMA10452,SMA10428,SMA10429,SMA10395,SMA10415,SMA10469,SMA10414,SMA10471,SMA10422,SMA10417,SMA10467,SMA10424,SMA10458,SMA10451,SMA10465,SMA10427,SMA10466,SMA10468,SMA10470,SMA10449,,,,,,,,
7/21/23,SMA10463,SMA10416,SMA10460,SMA10464,SMA10448,SMA10426,SMA10421,SMA10423,SMA10452,SMA10428,SMA10429,SMA10395,SMA10415,SMA10469,SMA10414,SMA10471,SMA10422,SMA10417,SMA10467,SMA10424,SMA10458,SMA10451,SMA10465,SMA10427,SMA10466,SMA10468,SMA10470,SMA10449,,,,,,,,
7/22/23,SMA10463,SMA10416,SMA10460,SMA10464,SMA10448,SMA10426,SMA10421,SMA10423,SMA10452,SMA10428,SMA10429,SMA10395,SMA10415,SMA10469,SMA10414,SMA10471,SMA10422,SMA10417,SMA10467,SMA10424,SMA10458,SMA10451,SMA10465,SMA10427,SMA10466,SMA10468,SMA10470,SMA10449,,,,,,,,
7/23/23,SMA10463,SMA10416,SMA10460,SMA10464,SMA10448,SMA10426,SMA10421,SMA10423,SMA10452,SMA10428,SMA10429,SMA10395,SMA10415,SMA10469,SMA10414,SMA10471,SMA10422,SMA10417,SMA10467,SMA10424,SMA10458,SMA10451,SMA10465,SMA10427,SMA10466,SMA10468,SMA10470,SMA10449,,,,,,,,
7/24/23,SMA10463,SMA10416,SMA10460,SMA10464,SMA10448,SMA10426,SMA10421,SMA10423,SMA10452,SMA10428,SMA10429,SMA10395,SMA10415,SMA10469,SMA10414,SMA10471,SMA10422,SMA10417,SMA10467,SMA10424,SMA10458,SMA10451,SMA10465,SMA10427,SMA10466,SMA10468,SMA10470,SMA10449,,,,,,,,
7/25/23,SMA10463,SMA10416,SMA10460,SMA10464,SMA10448,SMA10426,SMA10421,SMA10423,SMA10452,SMA10428,SMA10429,SMA10395,SMA10415,SMA10469,SMA10414,SMA10471,SMA10422,SMA10417,SMA10467,SMA10424,SMA10458,SMA10451,SMA10465,SMA10427,SMA10466,SMA10468,SMA10470,SMA10449,,,,,,,,
7/26/23,SMA10463,SMA10416,SMA10460,SMA10464,SMA10448,SMA10426,SMA10421,SMA10423,SMA10452,SMA10428,SMA10429,SMA10395,SMA10415,SMA10469,SMA10414,SMA10471,SMA10422,SMA10417,SMA10467,SMA10424,SMA10458,SMA10451,SMA10465,SMA10427,SMA10466,SMA10468,SMA10470,SMA10449,,,,,,,,
7/27/23,SMA10463,SMA10416,SMA10460,SMA10464,SMA10448,SMA10426,SMA10421,SMA10423,SMA10452,SMA10428,SMA10429,SMA10395,SMA10415,SMA10469,SMA10414,SMA10471,SMA10422,SMA10417,SMA10467,SMA10424,SMA10458,SMA10451,SMA10465,SMA10427,SMA10466,SMA10468,SMA10470,SMA10449,,,,,,,,
7/28/23,SMA10463,SMA10416,SMA10460,SMA10464,SMA10448,SMA10426,SMA10421,SMA10423,SMA10452,SMA10428,SMA10429,SMA10395,SMA10415,SMA10469,SMA10414,SMA10471,SMA10422,SMA10417,SMA10467,SMA10424,SMA10458,SMA10451,SMA10465,SMA10427,SMA10466,SMA10468,SMA10470,SMA10449,,,,,,,,
7/29/23,SMA10463,SMA10416,SMA10460,SMA10464,SMA10448,SMA10426,SMA10421,SMA10423,SMA10452,SMA10428,SMA10429,SMA10395,SMA10415,SMA10469,SMA10414,SMA10471,SMA10422,SMA10417,SMA10467,SMA10424,SMA10458,SMA10451,SMA10465,SMA10427,SMA10466,SMA10468,SMA10470,SMA10449,,,,,,,,
7/30/23,SMA10463,SMA10416,SMA10460,SMA10464,SMA10448,SMA10426,SMA10421,SMA10423,SMA10452,SMA10428,SMA10429,SMA10395,SMA10415,SMA10469,SMA10414,SMA10471,SMA10422,SMA10417,SMA10467,SMA10424,SMA10458,SMA10451,SMA10465,SMA10427,SMA10466,SMA10468,SMA10470,SMA10449,,,,,,,,
7/31/23,SMA10463,SMA10416,SMA10460,SMA10464,SMA10448,SMA10426,SMA10421,SMA10423,SMA10452,SMA10428,SMA10429,SMA10395,SMA10415,SMA10469,SMA10414,SMA10471,SMA10422,SMA10417,SMA10467,SMA10424,SMA10458,SMA10451,SMA10465,SMA10427,SMA10466,SMA10468,SMA10470,SMA10449,,,,,,,,
8/1/23,SMA10463,SMA10416,SMA10460,SMA10464,SMA10448,SMA10426,SMA10421,SMA10423,SMA10452,SMA10428,SMA10429,SMA10395,SMA10415,SMA10469,SMA10414,SMA10471,SMA10422,SMA10417,SMA10467,SMA10424,SMA10458,SMA10451,SMA10465,SMA10427,SMA10466,SMA10468,SMA10470,SMA10449,,,,,,,,
8/2/23,SMA10463,SMA10416,SMA10460,SMA10464,SMA10448,SMA10426,SMA10421,SMA10423,SMA10452,SMA10428,SMA10429,SMA10395,SMA10415,SMA10469,SMA10414,SMA10471,SMA10422,SMA10417,SMA10467,SMA10424,SMA10458,SMA10451,SMA10465,SMA10427,SMA10466,SMA10468,SMA10470,SMA10449,,,,,,,,
8/3/23,SMA10463,SMA10416,SMA10460,SMA10464,SMA10448,SMA10426,SMA10421,SMA10423,SMA10452,SMA10428,SMA10429,SMA10395,SMA10415,SMA10469,SMA10414,SMA10471,SMA10422,SMA10417,SMA10467,SMA10424,SMA10458,SMA10451,SMA10465,SMA10427,SMA10466,SMA10468,SMA10470,SMA10449,,,,,,,,
8/4/23,SMA10463,SMA10416,SMA10460,SMA10464,SMA10448,SMA10426,SMA10421,SMA10423,SMA10452,SMA10428,SMA10429,SMA10395,SMA10415,SMA10469,SMA10414,SMA10471,SMA10422,SMA10417,SMA10467,SMA10424,SMA10458,SMA10451,SMA10465,SMA10427,SMA10466,SMA10468,SMA10470,SMA10449,,,,,,,,
8/5/23,SMA10463,SMA10416,SMA10460,SMA10464,SMA10448,SMA10426,SMA10421,SMA10423,SMA10452,SMA10428,SMA10429,SMA10395,SMA10415,SMA10469,SMA10414,SMA10471,SMA10422,SMA10417,SMA10467,SMA10424,SMA10458,SMA10451,SMA10465,SMA10427,SMA10466,SMA10468,SMA10470,SMA10449,,,,,,,,
8/6/23,SMA10463,SMA10416,SMA10460,SMA10464,SMA10448,SMA10426,SMA10421,SMA10423,SMA10452,SMA10428,SMA10429,SMA10395,SMA10415,SMA10469,SMA10414,SMA10471,SMA10422,SMA10417,SMA10467,SMA10424,SMA10458,SMA10451,SMA10465,SMA10427,SMA10466,SMA10468,SMA10470,SMA10449,,,,,,,,
8/7/23,SMA10463,SMA10416,SMA10460,SMA10464,SMA10448,SMA10426,SMA10421,SMA10423,SMA10452,SMA10428,SMA10429,SMA10395,SMA10415,SMA10469,SMA10414,SMA10471,SMA10422,SMA10417,SMA10467,SMA10424,SMA10458,SMA10451,SMA10465,SMA10427,SMA10466,SMA10468,SMA10470,SMA10449,,,,,,,,
8/8/23,SMA10463,SMA10416,SMA10460,SMA10464,SMA10448,SMA10426,SMA10421,SMA10423,SMA10452,SMA10428,SMA10429,SMA10395,SMA10415,SMA10469,SMA10414,SMA10471,SMA10422,SMA10417,SMA10467,SMA10424,SMA10458,SMA10451,SMA10465,SMA10427,SMA10466,SMA10468,SMA10470,SMA10449,,,,,,,,
8/9/23,SMA10463,SMA10416,SMA10460,SMA10464,SMA10448,SMA10426,SMA10421,SMA10423,SMA10452,SMA10428,SMA10429,SMA10395,SMA10415,SMA10469,SMA10414,SMA10471,SMA10422,SMA10417,SMA10467,SMA10424,SMA10458,SMA10451,SMA10465,SMA10427,SMA10466,SMA10468,SMA10470,SMA10449,,,,,,,,
8/10/23,SMA10463,SMA10416,SMA10460,SMA10464,SMA10448,SMA10426,SMA10421,SMA10423,SMA10452,SMA10428,SMA10429,SMA10395,SMA10415,SMA10469,SMA10414,SMA10471,SMA10422,SMA10417,SMA10467,SMA10424,SMA10458,SMA10451,SMA10465,SMA10427,SMA10466,SMA10468,SMA10470,SMA10449,,,,,,,,
8/11/23,SMA10463,SMA10416,SMA10460,SMA10464,SMA10448,SMA10426,SMA10421,SMA10423,SMA10452,SMA10428,SMA10429,SMA10395,SMA10415,SMA10469,SMA10414,SMA10471,SMA10422,SMA10417,SMA10467,SMA10424,SMA10458,SMA10451,SMA10465,SMA10427,SMA10466,SMA10468,SMA10470,SMA10449,,,,,,,,
8/12/23,SMA10463,SMA10416,SMA10460,SMA10464,SMA10448,SMA10426,SMA10421,SMA10423,SMA10452,SMA10428,SMA10429,SMA10395,SMA10415,SMA10469,SMA10414,SMA10471,SMA10422,SMA10417,SMA10467,SMA10424,SMA10458,SMA10451,SMA10465,SMA10427,SMA10466,SMA10468,SMA10470,SMA10449,,,,,,,,
8/13/23,SMA10463,SMA10416,SMA10460,SMA10464,SMA10448,SMA10426,SMA10421,SMA10423,SMA10452,SMA10428,SMA10429,SMA10395,SMA10415,SMA10469,SMA10414,SMA10471,SMA10422,SMA10417,SMA10467,SMA10424,SMA10458,SMA10451,SMA10465,SMA10427,SMA10466,SMA10468,SMA10470,SMA10449,,,,,,,,
8/14/23,SMA10463,SMA10416,SMA10460,SMA10464,SMA10448,SMA10426,SMA10421,SMA10423,SMA10452,SMA10428,SMA10429,SMA10395,SMA10415,SMA10469,SMA10414,SMA10471,SMA10422,SMA10417,SMA10467,SMA10424,SMA10458,SMA10451,SMA10465,SMA10427,SMA10466,SMA10468,SMA10470,SMA10449,,,,,,,,
8/15/23,SMA10463,SMA10416,SMA10460,SMA10464,SMA10448,SMA10426,SMA10421,SMA10423,SMA10452,SMA10428,SMA10429,SMA10395,SMA10415,SMA10469,SMA10414,SMA10471,SMA10422,SMA10417,SMA10467,SMA10424,SMA10458,SMA10451,SMA10465,SMA10427,SMA10466,SMA10468,SMA10470,SMA10449,,,,,,,,
8/16/23,SMA10463,SMA10416,SMA10460,SMA10464,SMA10448,SMA10426,SMA10421,SMA10423,SMA10452,SMA10428,SMA10429,SMA10395,SMA10415,SMA10469,SMA10414,SMA10471,SMA10422,SMA10417,SMA10467,SMA10424,SMA10458,SMA10451,SMA10465,SMA10427,SMA10466,SMA10468,SMA10470,SMA10449,,,,,,,,
8/17/23,SMA10463,SMA10416,SMA10460,SMA10464,SMA10448,SMA10426,SMA10421,SMA10423,SMA10452,SMA10428,SMA10429,SMA10395,SMA10415,SMA10469,SMA10414,SMA10471,SMA10422,SMA10417,SMA10467,SMA10424,SMA10458,SMA10451,SMA10465,SMA10427,SMA10466,SMA10468,SMA10470,SMA10449,,,,,,,,
8/18/23,SMA10463,SMA10416,SMA10460,SMA10464,SMA10448,SMA10426,SMA10421,SMA10423,SMA10452,SMA10428,SMA10429,SMA10395,SMA10415,SMA10469,SMA10414,SMA10471,SMA10422,SMA10417,SMA10467,SMA10424,SMA10458,SMA10451,SMA10465,SMA10427,SMA10466,SMA10468,SMA10470,SMA10449,,,,,,,,
8/19/23,SMA10463,SMA10416,SMA10460,SMA10464,SMA10448,SMA10426,SMA10421,SMA10423,SMA10452,SMA10428,SMA10429,SMA10395,SMA10415,SMA10469,SMA10414,SMA10471,SMA10422,SMA10417,SMA10467,SMA10424,SMA10458,SMA10451,SMA10465,SMA10427,SMA10466,SMA10468,SMA10470,SMA10449,,,,,,,,
8/20/23,SMA10463,SMA10416,SMA10460,SMA10464,SMA10448,SMA10426,SMA10421,SMA10423,SMA10452,SMA10428,SMA10429,SMA10395,SMA10415,SMA10469,SMA10414,SMA10471,SMA10422,SMA10417,SMA10467,SMA10424,SMA10458,SMA10451,SMA10465,SMA10427,SMA10466,SMA10468,SMA10470,SMA10449,,,,,,,,
8/21/23,SMA10463,SMA10416,SMA10460,SMA10464,SMA10448,SMA10426,SMA10421,SMA10423,SMA10452,SMA10428,SMA10429,SMA10395,SMA10415,SMA10469,SMA10414,SMA10471,SMA10422,SMA10417,SMA10467,SMA10424,SMA10458,SMA10451,SMA10465,SMA10427,SMA10466,SMA10468,SMA10470,SMA10449,,,,,,,,
8/22/23,SMA10463,SMA10416,SMA10460,SMA10464,SMA10448,SMA10426,SMA10421,SMA10423,SMA10452,SMA10428,SMA10429,SMA10395,SMA10415,SMA10469,SMA10414,SMA10471,SMA10422,SMA10417,SMA10467,SMA10424,SMA10458,SMA10451,SMA10465,SMA10427,SMA10466,SMA10468,SMA10470,SMA10449,,,,,,,,
8/23/23,SMA10463,SMA10416,SMA10460,SMA10464,SMA10448,SMA10426,SMA10421,SMA10423,SMA10452,SMA10428,SMA10429,SMA10395,SMA10415,SMA10469,SMA10414,SMA10471,SMA10422,SMA10417,SMA10467,SMA10424,SMA10458,SMA10451,SMA10465,SMA10427,SMA10466,SMA10468,SMA10470,SMA10449,,,,,,,,
8/24/23,SMA10463,SMA10416,SMA10460,SMA10464,SMA10448,SMA10426,SMA10421,SMA10423,SMA10452,SMA10428,SMA10429,SMA10395,SMA10415,SMA10469,SMA10414,SMA10471,SMA10422,SMA10417,SMA10467,SMA10424,SMA10458,SMA10451,SMA10465,SMA10427,SMA10466,SMA10468,SMA10470,SMA10449,,,,,,,,
8/25/23,SMA10463,SMA10416,SMA10460,SMA10464,SMA10448,SMA10426,SMA10421,SMA10423,SMA10452,SMA10428,SMA10429,SMA10395,SMA10415,SMA10469,SMA10414,SMA10471,SMA10422,SMA10417,SMA10467,SMA10424,SMA10458,SMA10451,SMA10465,SMA10427,SMA10466,SMA10468,SMA10470,SMA10449,,,,,,,,
8/26/23,SMA10463,SMA10416,SMA10460,SMA10464,SMA10448,SMA10426,SMA10421,SMA10423,SMA10452,SMA10428,SMA10429,SMA10395,SMA10415,SMA10469,SMA10414,SMA10471,SMA10422,SMA10417,SMA10467,SMA10424,SMA10458,SMA10451,SMA10465,SMA10427,SMA10466,SMA10468,SMA10470,SMA10449,,,,,,,,
8/27/23,SMA10463,SMA10416,SMA10460,SMA10464,SMA10448,SMA10426,SMA10421,SMA10423,SMA10452,SMA10428,SMA10429,SMA10395,SMA10415,SMA10469,SMA10414,SMA10471,SMA10422,SMA10417,SMA10467,SMA10424,SMA10458,SMA10451,SMA10465,SMA10427,SMA10466,SMA10468,SMA10470,SMA10449,,,,,,,,
8/28/23,SMA10463,SMA10416,SMA10460,SMA10464,SMA10448,SMA10426,SMA10421,SMA10423,SMA10452,SMA10428,SMA10429,SMA10395,SMA10415,SMA10469,SMA10414,SMA10471,SMA10422,SMA10417,SMA10467,SMA10424,SMA10458,SMA10451,SMA10465,SMA10427,SMA10466,SMA10468,SMA10470,SMA10449,,,,,,,,
8/29/23,SMA10463,SMA10416,SMA10460,SMA10464,SMA10448,SMA10426,SMA10421,SMA10423,SMA10452,SMA10428,SMA10429,SMA10395,SMA10415,SMA10469,SMA10414,SMA10471,SMA10422,SMA10417,SMA10467,SMA10424,SMA10458,SMA10451,SMA10465,SMA10427,SMA10466,SMA10468,SMA10470,SMA10449,,,,,,,,
8/30/23,SMA10463,SMA10416,SMA10460,SMA10464,SMA10448,SMA10426,SMA10421,SMA10423,SMA10452,SMA10428,SMA10429,SMA10395,SMA10415,SMA10469,SMA10414,SMA10471,SMA10422,SMA10417,SMA10467,SMA10424,SMA10458,SMA10451,SMA10465,SMA10427,SMA10466,SMA10468,SMA10470,SMA10449,,,,,,,,
8/31/23,SMA10463,SMA10416,SMA10460,SMA10464,SMA10448,SMA10426,SMA10421,SMA10423,SMA10452,SMA10428,SMA10429,SMA10395,SMA10415,SMA10469,SMA10414,SMA10471,SMA10422,SMA10417,SMA10467,SMA10424,SMA10458,SMA10451,SMA10465,SMA10427,SMA10466,SMA10468,SMA10470,SMA10449,,,,,,,,
9/1/23,SMA10463,SMA10416,SMA10460,SMA10464,SMA10448,SMA10426,SMA10421,SMA10423,SMA10452,SMA10428,SMA10429,SMA10395,SMA10415,SMA10469,SMA10414,SMA10471,SMA10422,SMA10417,SMA10467,SMA10424,SMA10458,SMA10451,SMA10465,SMA10427,SMA10466,SMA10468,SMA10470,SMA10449,,,,,,,,
9/2/23,SMA10463,SMA10416,SMA10460,SMA10464,SMA10448,SMA10426,SMA10421,SMA10423,SMA10452,SMA10428,SMA10429,SMA10395,SMA10415,SMA10469,SMA10414,SMA10471,SMA10422,SMA10417,SMA10467,SMA10424,SMA10458,SMA10451,SMA10465,SMA10427,SMA10466,SMA10468,SMA10470,SMA10449,,,,,,,,
9/3/23,SMA10463,SMA10416,SMA10460,SMA10464,SMA10448,SMA10426,SMA10421,SMA10423,SMA10452,SMA10428,SMA10429,SMA10395,SMA10415,SMA10469,SMA10414,SMA10471,SMA10422,SMA10417,SMA10467,SMA10424,SMA10458,SMA10451,SMA10465,SMA10427,SMA10466,SMA10468,SMA10470,SMA10449,,,,,,,,
9/4/23,SMA10463,SMA10416,SMA10460,SMA10464,SMA10448,SMA10426,SMA10421,SMA10423,SMA10452,SMA10428,SMA10429,SMA10395,SMA10415,SMA10469,SMA10414,SMA10471,SMA10422,SMA10417,SMA10467,SMA10424,SMA10458,SMA10451,SMA10465,SMA10427,SMA10466,SMA10468,SMA10470,SMA10449,,,,,,,,
9/5/23,SMA10463,SMA10416,SMA10460,SMA10464,SMA10448,SMA10426,SMA10421,SMA10423,SMA10452,SMA10428,SMA10429,SMA10395,SMA10415,SMA10469,SMA10414,SMA10471,SMA10422,SMA10417,SMA10467,SMA10424,SMA10458,SMA10451,SMA10465,SMA10427,SMA10466,SMA10468,SMA10470,SMA10449,,,,,,,,
9/6/23,SMA10463,SMA10416,SMA10460,SMA10464,SMA10448,SMA10426,SMA10421,SMA10423,SMA10452,SMA10428,SMA10429,SMA10395,SMA10415,SMA10469,SMA10414,SMA10471,SMA10422,SMA10417,SMA10467,SMA10424,SMA10458,SMA10451,SMA10465,SMA10427,SMA10466,SMA10468,SMA10470,SMA10449,,,,,,,,
9/7/23,SMA10463,SMA10416,SMA10460,SMA10464,SMA10448,SMA10426,SMA10421,SMA10423,SMA10452,SMA10428,SMA10429,SMA10395,SMA10415,SMA10469,SMA10414,SMA10471,SMA10422,SMA10417,SMA10467,SMA10424,SMA10458,SMA10451,SMA10465,SMA10427,SMA10466,SMA10468,SMA10470,SMA10449,,,,,,,,
9/8/23,SMA10463,SMA10416,SMA10460,SMA10464,SMA10448,SMA10426,SMA10421,SMA10423,SMA10452,SMA10428,SMA10429,SMA10395,SMA10415,SMA10469,SMA10414,SMA10471,SMA10422,SMA10417,SMA10467,SMA10424,SMA10458,SMA10451,SMA10465,SMA10427,SMA10466,SMA10468,SMA10470,SMA10449,,,,,,,,
9/9/23,SMA10463,SMA10416,SMA10460,SMA10464,SMA10448,SMA10426,SMA10421,SMA10423,SMA10452,SMA10428,SMA10429,SMA10395,SMA10415,SMA10469,SMA10414,SMA10471,SMA10422,SMA10417,SMA10467,SMA10424,SMA10458,SMA10451,SMA10465,SMA10427,SMA10466,SMA10468,SMA10470,SMA10449,,,,,,,,
9/10/23,SMA10463,SMA10416,SMA10460,SMA10464,SMA10448,SMA10426,SMA10421,SMA10423,SMA10452,SMA10428,SMA10429,SMA10395,SMA10415,SMA10469,SMA10414,SMA10471,SMA10422,SMA10417,SMA10467,SMA10424,SMA10458,SMA10451,SMA10465,SMA10427,SMA10466,SMA10468,SMA10470,SMA10449,,,,,,,,
9/11/23,SMA10463,SMA10416,SMA10460,SMA10464,SMA10448,SMA10426,SMA10421,SMA10423,SMA10452,SMA10428,SMA10429,SMA10395,SMA10415,SMA10469,SMA10414,SMA10471,SMA10422,SMA10417,SMA10467,SMA10424,SMA10458,SMA10451,SMA10465,SMA10427,SMA10466,SMA10468,SMA10470,SMA10449,,,,,,,,
9/12/23,SMA10463,SMA10416,SMA10460,SMA10464,SMA10448,SMA10426,SMA10421,SMA10423,SMA10452,SMA10428,SMA10429,SMA10395,SMA10415,SMA10469,SMA10414,SMA10471,SMA10422,SMA10417,SMA10467,SMA10424,SMA10458,SMA10451,SMA10465,SMA10427,SMA10466,SMA10468,SMA10470,SMA10449,,,,,,,,
9/13/23,SMA10463,SMA10416,SMA10460,SMA10464,SMA10448,SMA10426,SMA10421,SMA10423,SMA10452,SMA10428,SMA10429,SMA10395,SMA10415,SMA10469,SMA10414,SMA10471,SMA10422,SMA10417,SMA10467,SMA10424,SMA10458,SMA10451,SMA10465,SMA10427,SMA10466,SMA10468,SMA10470,SMA10449,,,,,,,,
9/14/23,SMA10463,SMA10416,SMA10460,SMA10464,SMA10448,SMA10426,SMA10421,SMA10423,SMA10452,SMA10428,SMA10429,SMA10395,SMA10415,SMA10469,SMA10414,SMA10471,SMA10422,SMA10417,SMA10467,SMA10424,SMA10458,SMA10451,SMA10465,SMA10427,SMA10466,SMA10468,SMA10470,SMA10449,,,,,,,,
9/15/23,SMA10463,SMA10416,SMA10460,SMA10464,SMA10448,SMA10426,SMA10421,SMA10423,SMA10452,SMA10428,SMA10429,SMA10395,SMA10415,SMA10469,SMA10414,SMA10471,SMA10422,SMA10417,SMA10467,SMA10424,SMA10458,SMA10451,SMA10465,SMA10427,SMA10466,SMA10468,SMA10470,SMA10449,,,,,,,,
9/16/23,SMA10463,SMA10416,SMA10460,SMA10464,SMA10448,SMA10426,SMA10421,SMA10423,SMA10452,SMA10428,SMA10429,SMA10395,SMA10415,SMA10469,SMA10414,SMA10471,SMA10422,SMA10417,SMA10467,SMA10424,SMA10458,SMA10451,SMA10465,SMA10427,SMA10466,SMA10468,SMA10470,SMA10449,,,,,,,,
9/17/23,SMA10463,SMA10416,SMA10460,SMA10464,SMA10448,SMA10426,SMA10421,SMA10423,SMA10452,SMA10428,SMA10429,SMA10395,SMA10415,SMA10469,SMA10414,SMA10471,SMA10422,SMA10417,SMA10467,SMA10424,SMA10458,SMA10451,SMA10465,SMA10427,SMA10466,SMA10468,SMA10470,SMA10449,,,,,,,,
9/18/23,SMA10463,SMA10416,SMA10460,SMA10464,SMA10448,SMA10426,SMA10421,SMA10423,SMA10452,SMA10428,SMA10429,SMA10395,SMA10415,SMA10469,SMA10414,SMA10471,SMA10422,SMA10417,SMA10467,SMA10424,SMA10458,SMA10451,SMA10465,SMA10427,SMA10466,SMA10468,SMA10470,SMA10449,,,,,,,,
9/19/23,SMA10463,SMA10416,SMA10460,SMA10464,SMA10448,SMA10426,SMA10421,SMA10423,SMA10452,SMA10428,SMA10429,SMA10395,SMA10415,SMA10469,SMA10414,SMA10471,SMA10422,SMA10417,SMA10467,SMA10424,SMA10458,SMA10451,SMA10465,SMA10427,SMA10466,SMA10468,SMA10470,SMA10449,,,,,,,,
9/20/23,SMA10463,SMA10416,SMA10460,SMA10464,SMA10448,SMA10426,SMA10421,SMA10423,SMA10452,SMA10428,SMA10429,SMA10395,SMA10415,SMA10469,SMA10414,SMA10471,SMA10422,SMA10417,SMA10467,SMA10424,SMA10458,SMA10451,SMA10465,SMA10427,SMA10466,SMA10468,SMA10470,SMA10449,,,,,,,,
9/21/23,SMA10463,SMA10416,SMA10460,SMA10464,SMA10448,SMA10426,SMA10421,SMA10423,SMA10452,SMA10428,SMA10429,SMA10395,SMA10415,SMA10469,SMA10414,SMA10471,SMA10422,SMA10417,SMA10467,SMA10424,SMA10458,SMA10451,SMA10465,SMA10427,SMA10466,SMA10468,SMA10470,SMA10449,,,,,,,,
9/22/23,SMA10463,SMA10416,SMA10460,SMA10464,SMA10448,SMA10426,SMA10421,SMA10423,SMA10452,SMA10428,SMA10429,SMA10395,SMA10415,SMA10469,SMA10414,SMA10471,SMA10422,SMA10417,SMA10467,SMA10424,SMA10458,SMA10451,SMA10465,SMA10427,SMA10466,SMA10468,SMA10470,SMA10449,,,,,,,,
9/23/23,SMA10463,SMA10416,SMA10460,SMA10464,SMA10448,SMA10426,SMA10421,SMA10423,SMA10452,SMA10428,SMA10429,SMA10395,SMA10415,SMA10469,SMA10414,SMA10471,SMA10422,SMA10417,SMA10467,SMA10424,SMA10458,SMA10451,SMA10465,SMA10427,SMA10466,SMA10468,SMA10470,SMA10449,,,,,,,,
9/24/23,SMA10463,SMA10416,SMA10460,SMA10464,SMA10448,SMA10426,SMA10421,SMA10423,SMA10452,SMA10428,SMA10429,SMA10395,SMA10415,SMA10469,SMA10414,SMA10471,SMA10422,SMA10417,SMA10467,SMA10424,SMA10458,SMA10451,SMA10465,SMA10427,SMA10466,SMA10468,SMA10470,SMA10449,,,,,,,,
9/25/23,SMA10463,SMA10416,SMA10460,SMA10464,SMA10448,SMA10426,SMA10421,SMA10423,SMA10452,SMA10428,SMA10429,SMA10395,SMA10415,SMA10469,SMA10414,SMA10471,SMA10422,SMA10417,SMA10467,SMA10424,SMA10458,SMA10451,SMA10465,SMA10427,SMA10466,SMA10468,SMA10470,SMA10449,,,,,,,,
9/26/23,SMA10463,SMA10416,SMA10460,SMA10464,SMA10448,SMA10426,SMA10421,SMA10423,SMA10452,SMA10428,SMA10429,SMA10395,SMA10415,SMA10469,SMA10414,SMA10471,SMA10422,SMA10417,SMA10467,SMA10424,SMA10458,SMA10451,SMA10465,SMA10427,SMA10466,SMA10468,SMA10470,SMA10449,,,,,,,,
9/27/23,SMA10463,SMA10416,SMA10460,SMA10464,SMA10448,SMA10426,SMA10421,SMA10423,SMA10452,SMA10428,SMA10429,SMA10395,SMA10415,SMA10469,SMA10414,SMA10471,SMA10422,SMA10417,SMA10467,SMA10424,SMA10458,SMA10451,SMA10465,SMA10427,SMA10466,SMA10468,SMA10470,SMA10449,,,,,,,,
9/28/23,SMA10463,SMA10416,SMA10460,SMA10464,SMA10448,SMA10426,SMA10421,SMA10423,SMA10452,SMA10428,SMA10429,SMA10395,SMA10415,SMA10469,SMA10414,SMA10471,SMA10422,SMA10417,SMA10467,SMA10424,SMA10458,SMA10451,SMA10465,SMA10427,SMA10466,SMA10468,SMA10470,SMA10449,,,,,,,,
9/29/23,SMA10463,SMA10416,SMA10460,SMA10464,SMA10448,SMA10426,SMA10421,SMA10423,SMA10452,SMA10428,SMA10429,SMA10395,SMA10415,SMA10469,SMA10414,SMA10471,SMA10422,SMA10417,SMA10467,SMA10424,SMA10458,SMA10451,SMA10465,SMA10427,SMA10466,SMA10468,SMA10470,SMA10449,,,,,,,,
9/30/23,SMA10463,SMA10416,SMA10460,SMA10464,SMA10448,SMA10426,SMA10421,SMA10423,SMA10452,SMA10428,SMA10429,SMA10395,SMA10415,SMA10469,SMA10414,SMA10471,SMA10422,SMA10417,SMA10467,SMA10424,SMA10458,SMA10451,SMA10465,SMA10427,SMA10466,SMA10468,SMA10470,SMA10449,,,,,,,,
3/10/24,SMA10427,SMA10425,SMA10460,,SMA10448,,SMA10421,,SMA10452,SMA10428,SMA04862,SMA04922,SMA10415,SMA10469,,SMA10471,,,,,SMA04859,,SMA10465,,SMA10466,,SMA04991,SMA10458,SMA10424,SMA10467,SMA10451,SMA10461,SMA04856,SMA04971,SMA16109,2MA02246
3/11/24,SMA10427,SMA10425,SMA10460,,SMA10448,,SMA10421,,SMA10452,SMA10428,SMA04862,SMA04922,SMA10415,SMA10469,,SMA10471,,,,,SMA04859,,SMA10465,,SMA10466,,SMA04991,SMA10458,SMA10424,SMA10467,SMA10451,SMA10461,SMA04856,SMA04971,SMA16109,2MA02246
3/12/24,SMA10427,SMA10425,SMA10460,,SMA10448,,SMA10421,,SMA10452,SMA10428,SMA04862,SMA04922,SMA10415,SMA10469,,SMA10471,,,,,SMA04859,,SMA10465,,SMA10466,,SMA04991,SMA10458,SMA10424,SMA10467,SMA10451,SMA10461,SMA04856,SMA04971,SMA16109,2MA02246
3/13/24,SMA10427,SMA10425,SMA10460,,SMA10448,,SMA10421,,SMA10452,SMA10428,SMA04862,SMA04922,SMA10415,SMA10469,,SMA10471,,,,,SMA04859,,SMA10465,,SMA10466,,SMA04991,SMA10458,SMA10424,SMA10467,SMA10451,SMA10461,SMA04856,SMA04971,SMA16109,2MA02246
3/14/24,SMA10427,SMA10425,SMA10460,,SMA10448,,SMA10421,,SMA10452,SMA10428,SMA04862,SMA04922,SMA10415,SMA10469,,SMA10471,,,,,SMA04859,,SMA10465,,SMA10466,,SMA04991,SMA10458,SMA10424,SMA10467,SMA10451,SMA10461,SMA04856,SMA04971,SMA16109,2MA02246
3/15/24,SMA10427,SMA10425,SMA10460,,SMA10448,,SMA10421,,SMA10452,SMA10428,SMA04862,SMA04922,SMA10415,SMA10469,,SMA10471,,,,,SMA04859,,SMA10465,,SMA10466,,SMA04991,SMA10458,SMA10424,SMA10467,SMA10451,SMA10461,SMA04856,SMA04971,SMA16109,2MA02246
3/16/24,SMA10427,SMA10425,SMA10460,,SMA10448,,SMA10421,,SMA10452,SMA10428,SMA04862,SMA04922,SMA10415,SMA10469,,SMA10471,,,,,SMA04859,,SMA10465,,SMA10466,,SMA04991,SMA10458,SMA10424,SMA10467,SMA10451,SMA10461,SMA04856,SMA04971,SMA16109,2MA02246
3/17/24,SMA10427,SMA10425,SMA10460,,SMA10448,,SMA10421,,SMA10452,SMA10428,SMA04862,SMA04922,SMA10415,SMA10469,,SMA10471,,,,,SMA04859,,SMA10465,,SMA10466,,SMA04991,SMA10458,SMA10424,SMA10467,SMA10451,SMA10461,SMA04856,SMA04971,SMA16109,2MA02246
3/18/24,SMA10427,SMA10425,SMA10460,,SMA10448,,SMA10421,,SMA10452,SMA10428,SMA04862,SMA04922,SMA10415,SMA10469,,SMA10471,,,,,SMA04859,,SMA10465,,SMA10466,,SMA04991,SMA10458,SMA10424,SMA10467,SMA10451,SMA10461,SMA04856,SMA04971,SMA16109,2MA02246
3/19/24,SMA10427,SMA10425,SMA10460,,SMA10448,,SMA10421,,SMA10452,SMA10428,SMA04862,SMA04922,SMA10415,SMA10469,,SMA10471,,,,,SMA04859,,SMA10465,,SMA10466,,SMA04991,SMA10458,SMA10424,SMA10467,SMA10451,SMA10461,SMA04856,SMA04971,SMA16109,2MA02246
3/20/24,SMA10427,SMA10425,SMA10460,,SMA10448,,SMA10421,,SMA10452,SMA10428,SMA04862,SMA04922,SMA10415,SMA10469,,SMA10471,,,,,SMA04859,,SMA10465,,SMA10466,,SMA04991,SMA10458,SMA10424,SMA10467,SMA10451,SMA10461,SMA04856,SMA04971,SMA16109,2MA02246
3/21/24,SMA10427,SMA10425,SMA10460,,SMA10448,,SMA10421,,SMA10452,SMA10428,SMA04862,SMA04922,SMA10415,SMA10469,,SMA10471,,,,,SMA04859,,SMA10465,,SMA10466,,SMA04991,SMA10458,SMA10424,SMA10467,SMA10451,SMA10461,SMA04856,SMA04971,SMA16109,2MA02246
3/22/24,SMA10427,SMA10425,SMA10460,,SMA10448,,SMA10421,,SMA10452,SMA10428,SMA04862,SMA04922,SMA10415,SMA10469,,SMA10471,,,,,SMA04859,,SMA10465,,SMA10466,,SMA04991,SMA10458,SMA10424,SMA10467,SMA10451,SMA10461,SMA04856,SMA04971,SMA16109,2MA02246
3/23/24,SMA10427,SMA10425,SMA10460,,SMA10448,,SMA10421,,SMA10452,SMA10428,SMA04862,SMA04922,SMA10415,SMA10469,,SMA10471,,,,,SMA04859,,SMA10465,,SMA10466,,SMA04991,SMA10458,SMA10424,SMA10467,SMA10451,SMA10461,SMA04856,SMA04971,SMA16109,2MA02246
3/24/24,SMA10427,SMA10425,SMA10460,,SMA10448,,SMA10421,,SMA10452,SMA10428,SMA04862,SMA04922,SMA10415,SMA10469,,SMA10471,,,,,SMA04859,,SMA10465,,SMA10466,,SMA04991,SMA10458,SMA10424,SMA10467,SMA10451,SMA10461,SMA04856,SMA04971,SMA16109,2MA02246
3/25/24,SMA10427,SMA10425,SMA10460,,SMA10448,,SMA10421,,SMA10452,SMA10428,SMA04862,SMA04922,SMA10415,SMA10469,,SMA10471,,,,,SMA04859,,SMA10465,,SMA10466,,SMA04991,SMA10458,SMA10424,SMA10467,SMA10451,SMA10461,SMA04856,SMA04971,SMA16109,2MA02246
3/26/24,SMA10427,SMA10425,SMA10460,,SMA10448,,SMA10421,,SMA10452,SMA10428,SMA04862,SMA04922,SMA10415,SMA10469,,SMA10471,,,,,SMA04859,,SMA10465,,SMA10466,,SMA04991,SMA10458,SMA10424,SMA10467,SMA10451,SMA10461,SMA04856,SMA04971,SMA16109,2MA02246
3/27/24,SMA10427,SMA10425,SMA10460,,SMA10448,,SMA10421,,SMA10452,SMA10428,SMA04862,SMA04922,SMA10415,SMA10469,,SMA10471,,,,,SMA04859,,SMA10465,,SMA10466,,SMA04991,SMA10458,SMA10424,SMA10467,SMA10451,SMA10461,SMA04856,SMA04971,SMA16109,2MA02246
3/28/24,SMA10427,SMA10425,SMA10460,,SMA10448,,SMA10421,,SMA10452,SMA10428,SMA04862,SMA04922,SMA10415,SMA10469,,SMA10471,,,,,SMA04859,,SMA10465,,SMA10466,,SMA04991,SMA10458,SMA10424,SMA10467,SMA10451,SMA10461,SMA04856,SMA04971,SMA16109,2MA02246
3/29/24,SMA10427,SMA10425,SMA10460,,SMA10448,,SMA10421,,SMA10452,SMA10428,SMA04862,SMA04922,SMA10415,SMA10469,,SMA10471,,,,,SMA04859,,SMA10465,,SMA10466,,SMA04991,SMA10458,SMA10424,SMA10467,SMA10451,SMA10461,SMA04856,SMA04971,SMA16109,2MA02246
3/30/24,SMA10427,SMA10425,SMA10460,,SMA10448,,SMA10421,,SMA10452,SMA10428,SMA04862,SMA04922,SMA10415,SMA10469,,SMA10471,,,,,SMA04859,,SMA10465,,SMA10466,,SMA04991,SMA10458,SMA10424,SMA10467,SMA10451,SMA10461,SMA04856,SMA04971,SMA16109,2MA02246
3/31/24,SMA10427,SMA10425,SMA10460,,SMA10448,,SMA10421,,SMA10452,SMA10428,SMA04862,SMA04922,SMA10415,SMA10469,,SMA10471,,,,,SMA04859,,SMA10465,,SMA10466,,SMA04991,SMA10458,SMA10424,SMA10467,SMA10451,SMA10461,SMA04856,SMA04971,SMA16109,2MA02246
4/1/24,SMA10427,SMA10425,SMA10460,,SMA10448,,SMA10421,,SMA10452,SMA10428,SMA04862,SMA04922,SMA10415,SMA10469,,SMA10471,,,,,SMA04859,,SMA10465,,SMA10466,,SMA04991,SMA10458,SMA10424,SMA10467,SMA10451,SMA10461,SMA04856,SMA04971,SMA16109,2MA02246
4/2/24,SMA10427,SMA10425,SMA10460,,SMA10448,,SMA10421,,SMA10452,SMA10428,SMA04862,SMA04922,SMA10415,SMA10469,,SMA10471,,,,,SMA04859,,SMA10465,,SMA10466,,SMA04991,SMA10458,SMA10424,SMA10467,SMA10451,SMA10461,SMA04856,SMA04971,SMA16109,2MA02246
4/3/24,SMA10427,SMA10425,SMA10460,,SMA10448,,SMA10421,,SMA10452,SMA10428,SMA04862,SMA04922,SMA10415,SMA10469,,SMA10471,,,,,SMA04859,,SMA10465,,SMA10466,,SMA04991,SMA10458,SMA10424,SMA10467,SMA10451,SMA10461,SMA04856,SMA04971,SMA16109,2MA02246
4/4/24,SMA10427,SMA10425,SMA10460,,SMA10448,,SMA10421,,SMA10452,SMA10428,SMA04862,SMA04922,SMA10415,SMA10469,,SMA10471,,,,,SMA04859,,SMA10465,,SMA10466,,SMA04991,SMA10458,SMA10424,SMA10467,SMA10451,SMA10461,SMA04856,SMA04971,SMA16109,2MA02246
4/5/24,SMA10427,SMA10425,SMA10460,,SMA10448,,SMA10421,,SMA10452,SMA10428,SMA04862,SMA04922,SMA10415,SMA10469,,SMA10471,,,,,SMA04859,,SMA10465,,SMA10466,,SMA04991,SMA10458,SMA10424,SMA10467,SMA10451,SMA10461,SMA04856,SMA04971,SMA16109,2MA02246
4/6/24,SMA10427,SMA10425,SMA10460,,SMA10448,,SMA10421,,SMA10452,SMA10428,SMA04862,SMA04922,SMA10415,SMA10469,,SMA10471,,,,,SMA04859,,SMA10465,,SMA10466,,SMA04991,SMA10458,SMA10424,SMA10467,SMA10451,SMA10461,SMA04856,SMA04971,SMA16109,2MA02246
4/7/24,SMA10427,SMA10425,SMA10460,,SMA10448,,SMA10421,,SMA10452,SMA10428,SMA04862,SMA04922,SMA10415,SMA10469,,SMA10471,,,,,SMA04859,,SMA10465,,SMA10466,,SMA04991,SMA10458,SMA10424,SMA10467,SMA10451,SMA10461,SMA04856,SMA04971,SMA16109,2MA02246
4/8/24,SMA10427,SMA10425,SMA10460,,SMA10448,,SMA10421,,SMA10452,SMA10428,SMA04862,SMA04922,SMA10415,SMA10469,,SMA10471,,,,,SMA04859,,SMA10465,,SMA10466,,SMA04991,SMA10458,SMA10424,SMA10467,SMA10451,SMA10461,SMA04856,SMA04971,SMA16109,2MA02246
4/9/24,SMA10427,SMA10425,SMA10460,,SMA10448,,SMA10421,,SMA10452,SMA10428,SMA04862,SMA04922,SMA10415,SMA10469,,SMA10471,,,,,SMA04859,,SMA10465,,SMA10466,,SMA04991,SMA10458,SMA10424,SMA10467,SMA10451,SMA10461,SMA04856,SMA04971,SMA16109,2MA02246
4/10/24,SMA10427,SMA10425,SMA10460,,SMA10448,,SMA10421,,SMA10452,SMA10428,SMA04862,SMA04922,SMA10415,SMA10469,,SMA10471,,,,,SMA04859,,SMA10465,,SMA10466,,SMA04991,SMA10458,SMA10424,SMA10467,SMA10451,SMA10461,SMA04856,SMA04971,SMA16109,2MA02246
4/11/24,SMA10427,SMA10425,SMA10460,,SMA10448,,SMA10421,,SMA10452,SMA10428,SMA04862,SMA04922,SMA10415,SMA10469,,SMA10471,,,,,SMA04859,,SMA10465,,SMA10466,,SMA04991,SMA10458,SMA10424,SMA10467,SMA10451,SMA10461,SMA04856,SMA04971,SMA16109,2MA02246
4/12/24,SMA10427,SMA10425,SMA10460,,SMA10448,,SMA10421,,SMA10452,SMA10428,SMA04862,SMA04922,SMA10415,SMA10469,,SMA10471,,,,,SMA04859,,SMA10465,,SMA10466,,SMA04991,SMA10458,SMA10424,SMA10467,SMA10451,SMA10461,SMA04856,SMA04971,SMA16109,2MA02246
4/13/24,SMA10427,SMA10425,SMA10460,,SMA10448,,SMA10421,,SMA10452,SMA10428,SMA04862,SMA04922,SMA10415,SMA10469,,SMA10471,,,,,SMA04859,,SMA10465,,SMA10466,,SMA04991,SMA10458,SMA10424,SMA10467,SMA10451,SMA10461,SMA04856,SMA04971,SMA16109,2MA02246
4/14/24,SMA10427,SMA10425,SMA10460,,SMA10448,,SMA10421,,SMA10452,SMA10428,SMA04862,SMA04922,SMA10415,SMA10469,,SMA10471,,,,,SMA04859,,SMA10465,,SMA10466,,SMA04991,SMA10458,SMA10424,SMA10467,SMA10451,SMA10461,SMA04856,SMA04971,SMA16109,2MA02246
4/15/24,SMA10427,SMA10425,SMA10460,,SMA10448,,SMA10421,,SMA10452,SMA10428,SMA04862,SMA04922,SMA10415,SMA10469,,SMA10471,,,,,SMA04859,,SMA10465,,SMA10466,,SMA04991,SMA10458,SMA10424,SMA10467,SMA10451,SMA10461,SMA04856,SMA04971,SMA16109,2MA02246
4/16/24,SMA10427,SMA10425,SMA10460,,SMA10448,,SMA10421,,SMA10452,SMA10428,SMA04862,SMA04922,SMA10415,SMA10469,,SMA10471,,,,,SMA04859,,SMA10465,,SMA10466,,SMA04991,SMA10458,SMA10424,SMA10467,SMA10451,SMA10461,SMA04856,SMA04971,SMA16109,2MA02246
4/17/24,SMA10427,SMA10425,SMA10460,,SMA10448,,SMA10421,,SMA10452,SMA10428,SMA04862,SMA04922,SMA10415,SMA10469,,SMA10471,,,,,SMA04859,,SMA10465,,SMA10466,,SMA04991,SMA10458,SMA10424,SMA10467,SMA10451,SMA10461,SMA04856,SMA04971,SMA16109,2MA02246
4/18/24,SMA10427,SMA10425,SMA10460,,SMA10448,,SMA10421,,SMA10452,SMA10428,SMA04862,SMA04922,SMA10415,SMA10469,,SMA10471,,,,,SMA04859,,SMA10465,,SMA10466,,SMA04991,SMA10458,SMA10424,SMA10467,SMA10451,SMA10461,SMA04856,SMA04971,SMA16109,2MA02246
4/19/24,SMA10427,SMA10425,SMA10460,,SMA10448,,SMA10421,,SMA10452,SMA10428,SMA04862,SMA04922,SMA10415,SMA10469,,SMA10471,,,SMA10395,SMA10470,SMA04859,2MA02477,SMA10465,2MA02450,SMA10466,2MA02454,SMA04991,SMA10458,SMA10424,SMA10467,SMA10451,SMA10461,SMA04856,SMA04971,SMA16109,2MA02246
4/20/24,SMA10427,SMA10425,SMA10460,,SMA10448,,SMA10421,,SMA10452,SMA10428,SMA04862,SMA04922,SMA10415,SMA10469,2MA02233,SMA10471,2MA02421,2MA02420,SMA10395,SMA10470,SMA04859,2MA02477,SMA10465,2MA02450,SMA10466,2MA02454,SMA04991,SMA10458,SMA10424,SMA10467,SMA10451,SMA10461,SMA04856,SMA04971,SMA16109,2MA02246
4/21/24,SMA10427,SMA10425,SMA10460,2MA02436,SMA10448,2MA02426,SMA10421,2MA02464,SMA10452,2MA02414,SMA04862,SMA04922,SMA10415,SMA10469,2MA02233,SMA10471,2MA02421,2MA02420,SMA10395,SMA10470,SMA04859,2MA02477,SMA10465,2MA02450,SMA10466,2MA02454,SMA04991,SMA10458,SMA10424,SMA10467,SMA10451,SMA10461,SMA04856,SMA04971,SMA16109,2MA02246
4/22/24,SMA10427,2MA02429,SMA10460,2MA02436,SMA10448,2MA02426,SMA10421,2MA02464,SMA10452,2MA02414,SMA04862,SMA04922,SMA10415,SMA10469,2MA02233,SMA10471,2MA02421,2MA02420,SMA10395,SMA10470,SMA04859,2MA02477,SMA10465,2MA02450,SMA10466,2MA02454,SMA04991,SMA10458,SMA10424,SMA10467,SMA10451,SMA10461,SMA04856,SMA04971,SMA16109,2MA02246
4/23/24,SMA10427,2MA02429,SMA10460,2MA02436,SMA10448,2MA02426,SMA10421,2MA02464,SMA10452,2MA02414,SMA04862,SMA04922,SMA10415,SMA10469,2MA02233,SMA10471,2MA02421,2MA02420,SMA10395,SMA10470,SMA04859,2MA02477,SMA10465,2MA02450,SMA10466,2MA02454,SMA04991,SMA10458,SMA10424,2MA02476,SMA10451,SMA10461,SMA04856,SMA04971,SMA16109,2MA02246
4/24/24,SMA10427,2MA02429,SMA10460,2MA02436,SMA10448,2MA02426,SMA10421,2MA02464,SMA10452,2MA02414,SMA04862,SMA04922,SMA10415,SMA10469,2MA02233,SMA10471,2MA02421,2MA02420,SMA10395,SMA10470,SMA04859,2MA02477,SMA10465,2MA02450,SMA10466,2MA02454,SMA04991,SMA10458,SMA10424,2MA02476,SMA10451,SMA10461,SMA04856,SMA04971,SMA16109,2MA02246
4/25/24,SMA10427,2MA02429,SMA10460,2MA02436,SMA10448,2MA02426,SMA10421,2MA02464,SMA10452,2MA02414,SMA04862,SMA04922,SMA10415,SMA10469,2MA02233,SMA10471,2MA02421,2MA02420,SMA10395,SMA10470,SMA04859,2MA02477,SMA10465,2MA02450,SMA10466,2MA02454,SMA04991,SMA10458,SMA10424,2MA02476,SMA10451,SMA10461,SMA04856,SMA04971,SMA16109,2MA02246
4/26/24,SMA10427,2MA02429,SMA10460,2MA02436,SMA10448,2MA02426,SMA10421,2MA02464,SMA10452,2MA02414,SMA04862,SMA04922,SMA10415,SMA10469,2MA02233,SMA10471,2MA02421,2MA02420,SMA10395,SMA10470,SMA04859,2MA02477,SMA10465,2MA02450,SMA10466,2MA02454,SMA04991,SMA10458,SMA10424,2MA02476,SMA10451,SMA10461,SMA04856,SMA04971,SMA16109,2MA02246
4/27/24,SMA10427,2MA02429,SMA10460,2MA02436,SMA10448,2MA02426,SMA10421,2MA02464,SMA10452,2MA02414,SMA04862,SMA04922,SMA10415,SMA10469,2MA02233,SMA10471,2MA02421,2MA02420,SMA10395,SMA10470,SMA04859,2MA02477,SMA10465,2MA02450,SMA10466,2MA02454,SMA04991,SMA10458,SMA10424,2MA02476,SMA10451,SMA10461,SMA04856,SMA04971,SMA16109,2MA02246
4/28/24,SMA10427,2MA02429,SMA10460,2MA02436,SMA10448,2MA02426,SMA10421,2MA02464,SMA10452,2MA02414,SMA04862,SMA04922,SMA10415,SMA10469,2MA02233,SMA10471,2MA02421,2MA02420,SMA10395,SMA10470,SMA04859,2MA02477,SMA10465,2MA02450,SMA10466,2MA02454,SMA04991,SMA10458,SMA10424,2MA02476,SMA10451,SMA10461,SMA04856,SMA04971,SMA16109,2MA02246
4/29/24,SMA10427,2MA02429,SMA10460,2MA02436,SMA10448,2MA02426,SMA10421,2MA02464,SMA10452,2MA02414,SMA04862,SMA04922,SMA10415,SMA10469,2MA02233,SMA10471,2MA02421,2MA02420,SMA10395,SMA10470,SMA04859,2MA02477,SMA10465,2MA02450,SMA10466,2MA02454,SMA04991,SMA10458,SMA10424,2MA02476,SMA10451,SMA10461,SMA04856,SMA04971,SMA16109,2MA02246
4/30/24,SMA10427,2MA02429,SMA10460,2MA02436,SMA10448,2MA02426,SMA10421,2MA02464,SMA10452,2MA02414,SMA04862,SMA04922,SMA10415,SMA10469,2MA02233,SMA10471,2MA02421,2MA02420,SMA10395,SMA10470,SMA04859,2MA02477,SMA10465,2MA02450,SMA10466,2MA02454,SMA04991,SMA10458,SMA10424,2MA02476,SMA10451,SMA10461,SMA04856,SMA04971,SMA16109,2MA02246
5/1/24,SMA10427,2MA02429,SMA10460,2MA02436,SMA10448,2MA02426,SMA10421,2MA02464,SMA10452,2MA02414,SMA04862,SMA04922,SMA10415,SMA10469,2MA02233,SMA10471,2MA02421,2MA02420,SMA10395,SMA10470,SMA04859,2MA02477,SMA10465,2MA02450,SMA10466,2MA02454,SMA04991,SMA10458,SMA10424,2MA02476,SMA10451,SMA10461,SMA04856,SMA04971,SMA16109,2MA02246
5/2/24,SMA10427,2MA02429,SMA10460,2MA02436,SMA10448,2MA02426,SMA10421,2MA02464,SMA10452,2MA02414,SMA04862,SMA04922,SMA10415,SMA10469,2MA02233,SMA10471,2MA02421,2MA02420,SMA10395,SMA10470,SMA04859,2MA02477,SMA10465,2MA02450,SMA10466,2MA02454,SMA04991,SMA10458,SMA10424,2MA02476,SMA10451,SMA10461,SMA04856,SMA04971,SMA16109,2MA02246
5/3/24,SMA10427,2MA02429,SMA10460,2MA02436,SMA10448,2MA02426,SMA10421,2MA02464,SMA10452,2MA02414,SMA04862,SMA04922,SMA10415,SMA10469,2MA02233,SMA10471,2MA02421,2MA02420,SMA10395,SMA10470,SMA04859,2MA02477,SMA10465,2MA02450,SMA10466,2MA02454,SMA04991,SMA10458,SMA10424,2MA02476,SMA10451,SMA10461,SMA04856,SMA04971,SMA16109,2MA02246
5/4/24,SMA10427,2MA02429,SMA10460,2MA02436,SMA10448,2MA02426,SMA10421,2MA02464,SMA10452,2MA02414,SMA04862,SMA04922,SMA10415,SMA10469,2MA02233,SMA10471,2MA02421,2MA02420,SMA10395,SMA10470,SMA04859,2MA02477,SMA10465,2MA02450,SMA10466,2MA02454,SMA04991,SMA10458,SMA10424,2MA02476,SMA10451,SMA10461,SMA04856,SMA04971,SMA16109,2MA02246
5/5/24,SMA10427,2MA02429,SMA10460,2MA02436,SMA10448,2MA02426,SMA10421,2MA02464,SMA10452,2MA02414,SMA04862,SMA04922,SMA10415,SMA10469,2MA02233,SMA10471,2MA02421,2MA02420,SMA10395,SMA10470,SMA04859,2MA02477,SMA10465,2MA02450,SMA10466,2MA02454,SMA04991,SMA10458,SMA10424,2MA02476,SMA10451,SMA10461,SMA04856,SMA04971,SMA16109,2MA02246
5/6/24,SMA10427,2MA02429,SMA10460,2MA02436,SMA10448,2MA02426,SMA10421,2MA02464,SMA10452,2MA02414,SMA04862,SMA04922,SMA10415,SMA10469,2MA02233,SMA10471,2MA02421,2MA02420,SMA10395,SMA10470,SMA04859,2MA02477,SMA10465,2MA02450,SMA10466,2MA02454,SMA04991,SMA10458,SMA10424,2MA02476,SMA10451,SMA10461,SMA04856,SMA04971,SMA16109,2MA02246
5/7/24,SMA10427,2MA02429,SMA10460,2MA02436,SMA10448,2MA02426,SMA10421,2MA02464,SMA10452,2MA02414,SMA04862,SMA04922,SMA10415,SMA10469,2MA02233,SMA10471,2MA02421,2MA02420,SMA10395,SMA10470,SMA04859,2MA02477,SMA10465,2MA02450,SMA10466,2MA02454,SMA04991,SMA10458,SMA10424,2MA02476,SMA10451,SMA10461,SMA04856,SMA04971,SMA16109,2MA02142
5/8/24,SMA10427,2MA02429,SMA10460,2MA02436,SMA10448,2MA02426,SMA10421,2MA02464,SMA10452,2MA02414,SMA04862,SMA04922,SMA10415,SMA10469,2MA02233,SMA10471,2MA02421,2MA02420,SMA10395,SMA10470,SMA04859,2MA02477,SMA10465,2MA02450,SMA10466,2MA02454,SMA04991,SMA10458,SMA10424,2MA02476,SMA10451,SMA10461,SMA04856,SMA04971,SMA16109,2MA02142
5/9/24,SMA10427,2MA02429,SMA10460,2MA02436,SMA10448,2MA02426,SMA10421,2MA02464,SMA10452,2MA02414,SMA04862,SMA04922,SMA10415,SMA10469,2MA02233,SMA10471,2MA02421,2MA02420,SMA10395,SMA10470,SMA04859,2MA02477,SMA10465,2MA02450,SMA10466,2MA02454,SMA04991,SMA10458,SMA10424,2MA02476,SMA10451,SMA10461,SMA04856,SMA04971,SMA16109,2MA02142
5/10/24,SMA10427,2MA02429,SMA10460,2MA02436,SMA10448,2MA02426,SMA10421,2MA02464,SMA10452,2MA02414,SMA04862,SMA04922,SMA10415,SMA10469,2MA02233,SMA10471,2MA02421,2MA02420,SMA10395,SMA10470,SMA04859,2MA02477,SMA10465,2MA02450,SMA10466,2MA02454,SMA04991,SMA10458,SMA10424,2MA02476,SMA10451,SMA10461,SMA04856,SMA04971,SMA16109,2MA02142
5/11/24,SMA10427,2MA02429,SMA10460,2MA02436,SMA10448,2MA02426,SMA10421,2MA02464,SMA10452,2MA02414,SMA04862,SMA04922,SMA10415,SMA10469,2MA02233,SMA10471,2MA02421,2MA02420,SMA10395,SMA10470,SMA04859,2MA02477,SMA10465,2MA02450,SMA10466,2MA02454,SMA04991,SMA10458,SMA10424,2MA02476,SMA10451,SMA10461,SMA04856,SMA04971,SMA16109,2MA02142
5/12/24,SMA10427,2MA02429,SMA10460,2MA02436,SMA10448,2MA02426,SMA10421,2MA02464,SMA10452,2MA02414,SMA04862,SMA04922,SMA10415,SMA10469,2MA02233,SMA10471,2MA02421,2MA02420,SMA10395,SMA10470,SMA04859,2MA02477,SMA10465,2MA02450,SMA10466,2MA02454,SMA04991,SMA10458,SMA10424,2MA02476,SMA10451,SMA10461,SMA04856,SMA04971,SMA16109,2MA02142
5/13/24,SMA10427,2MA02429,SMA10460,2MA02436,SMA10448,2MA02426,SMA10421,2MA02464,SMA10452,2MA02414,SMA04862,SMA04922,SMA10415,SMA10469,2MA02233,SMA10471,2MA02421,2MA02420,SMA10395,SMA10470,SMA04859,2MA02477,SMA10465,2MA02450,SMA10466,2MA02454,SMA04991,SMA10458,SMA10424,2MA02476,SMA10451,SMA10461,SMA04856,SMA04971,SMA16109,2MA02142
5/14/24,SMA10427,2MA02429,SMA10460,2MA02436,SMA10448,2MA02426,SMA10421,2MA02464,SMA10452,2MA02414,SMA04862,SMA04922,SMA10415,SMA10469,2MA02233,SMA10471,2MA02421,2MA02420,SMA10395,SMA10470,SMA04859,2MA02477,SMA10465,2MA02450,SMA10466,2MA02454,SMA04991,SMA10458,SMA10424,2MA02476,SMA10451,SMA10461,SMA04856,SMA04971,SMA16109,2MA02142
5/15/24,SMA10427,2MA02429,SMA10460,2MA02436,SMA10448,2MA02426,SMA10421,2MA02464,SMA10452,2MA02414,SMA04862,SMA04922,SMA10415,SMA10469,2MA02233,SMA10471,2MA02421,2MA02420,SMA10395,SMA10470,SMA04859,2MA02477,SMA10465,2MA02450,SMA10466,2MA02454,SMA04991,SMA10458,SMA10424,2MA02476,SMA10451,SMA10461,SMA04856,SMA04971,SMA16109,2MA02142
5/16/24,SMA10427,2MA02429,SMA10460,2MA02436,SMA10448,2MA02426,SMA10421,2MA02464,SMA10452,2MA02414,SMA04862,SMA04922,SMA10415,SMA10469,2MA02233,SMA10471,2MA02421,2MA02420,SMA10395,SMA10470,SMA04859,2MA02477,SMA10465,2MA02450,SMA10466,2MA02454,SMA04991,SMA10458,SMA10424,2MA02476,SMA10451,SMA10461,SMA04856,SMA04971,SMA16109,2MA02142
5/17/24,SMA10427,2MA02429,SMA10460,2MA02436,SMA10448,2MA02426,SMA10421,2MA02464,SMA10452,2MA02414,SMA04862,SMA04922,SMA10415,SMA10469,2MA02233,SMA10471,2MA02421,2MA02420,SMA10395,SMA10470,SMA04859,2MA02477,SMA10465,2MA02450,SMA10466,2MA02454,SMA04991,SMA10458,SMA10424,2MA02476,SMA10451,SMA10461,SMA04856,SMA04971,SMA16109,2MA02142
5/18/24,SMA10427,2MA02429,SMA10460,2MA02436,SMA10448,2MA02426,SMA10421,2MA02464,SMA10452,2MA02414,SMA04862,SMA04922,SMA10415,SMA10469,2MA02233,SMA10471,2MA02421,2MA02420,SMA10395,SMA10470,SMA04859,2MA02477,SMA10465,2MA02450,SMA10466,2MA02454,SMA04991,SMA10458,SMA10424,2MA02476,SMA10451,SMA10461,SMA04856,SMA04971,SMA16109,2MA02142
5/19/24,SMA10427,2MA02429,SMA10460,2MA02436,SMA10448,2MA02426,SMA10421,2MA02464,SMA10452,2MA02414,SMA04862,SMA04922,SMA10415,SMA10469,2MA02233,SMA10471,2MA02421,2MA02420,SMA10395,SMA10470,SMA04859,2MA02477,SMA10465,2MA02450,SMA10466,2MA02454,SMA04991,SMA10458,SMA10424,2MA02476,SMA10451,SMA10461,SMA04856,SMA04971,SMA16109,2MA02142
5/20/24,SMA10427,2MA02429,SMA10460,2MA02436,SMA10448,2MA02426,SMA10421,2MA02464,SMA10452,2MA02414,SMA04862,SMA04922,SMA10415,SMA10469,2MA02233,SMA10471,2MA02421,2MA02420,SMA10395,SMA10470,SMA04859,2MA02477,SMA10465,2MA02450,SMA10466,2MA02454,SMA04991,SMA10458,SMA10424,2MA02476,SMA10451,SMA10461,SMA04856,SMA04971,SMA16109,2MA02142
5/21/24,SMA10427,2MA02429,SMA10460,2MA02436,SMA10448,2MA02426,SMA10421,2MA02464,SMA10452,2MA02414,SMA04862,SMA04922,SMA10415,SMA10469,2MA02233,SMA10471,2MA02421,2MA02420,SMA10395,SMA10470,SMA04859,2MA02477,SMA10465,2MA02450,SMA10466,2MA02454,SMA04991,SMA10458,SMA10424,2MA02476,SMA10451,SMA10461,SMA04856,SMA04971,SMA16109,2MA02142
5/22/24,SMA10427,2MA02429,SMA10460,2MA02436,SMA10448,2MA02426,SMA10421,2MA02464,SMA10452,2MA02414,SMA04862,SMA04922,SMA10415,SMA10469,2MA02233,SMA10471,2MA02421,2MA02420,SMA10395,SMA10470,SMA04859,2MA02477,SMA10465,2MA02450,SMA10466,2MA02454,SMA04991,SMA10458,SMA10424,2MA02476,SMA10451,SMA10461,SMA04856,SMA04971,SMA16109,2MA02142
5/23/24,SMA10427,2MA02429,SMA10460,2MA02436,SMA10448,2MA02426,SMA10421,2MA02464,SMA10452,2MA02414,SMA04862,SMA04922,SMA10415,SMA10469,2MA02233,SMA10471,2MA02421,2MA02420,SMA10395,SMA10470,SMA04859,2MA02477,SMA10465,2MA02450,SMA10466,2MA02454,SMA04991,SMA10458,SMA10424,2MA02476,SMA10451,SMA10461,SMA04856,SMA04971,SMA16109,2MA02142
5/24/24,SMA10427,2MA02429,SMA10460,2MA02436,SMA10448,2MA02426,SMA10421,2MA02464,SMA10452,2MA02414,SMA04862,SMA04922,SMA10415,SMA10469,2MA02233,SMA10471,2MA02421,2MA02420,SMA10395,SMA10470,SMA04859,2MA02477,SMA10465,2MA02450,SMA10466,2MA02454,SMA04991,SMA10458,SMA10424,2MA02476,SMA10451,SMA10461,SMA04856,SMA04971,SMA16109,2MA02142
5/25/24,SMA10427,2MA02429,SMA10460,2MA02436,SMA10448,2MA02426,SMA10421,2MA02464,SMA10452,2MA02414,SMA04862,SMA04922,SMA10415,SMA10469,2MA02233,SMA10471,2MA02421,2MA02420,SMA10395,SMA10470,SMA04859,2MA02477,SMA10465,2MA02450,SMA10466,2MA02454,SMA04991,SMA10458,SMA10424,2MA02476,SMA10451,SMA10461,SMA04856,SMA04971,SMA16109,2MA02142
5/26/24,SMA10427,2MA02429,SMA10460,2MA02436,SMA10448,2MA02426,SMA10421,2MA02464,SMA10452,2MA02414,SMA04862,SMA04922,SMA10415,SMA10469,2MA02233,SMA10471,2MA02421,2MA02420,SMA10395,SMA10470,SMA04859,2MA02477,SMA10465,2MA02450,SMA10466,2MA02454,SMA04991,SMA10458,SMA10424,2MA02476,SMA10451,SMA10461,SMA04856,SMA04971,SMA16109,2MA02142
5/27/24,SMA10427,2MA02429,SMA10460,2MA02436,SMA10448,2MA02426,SMA10421,2MA02464,SMA10452,2MA02414,SMA04862,SMA04922,SMA10415,SMA10469,2MA02233,SMA10471,2MA02421,2MA02420,SMA10395,SMA10470,SMA04859,2MA02477,SMA10465,2MA02450,SMA10466,2MA02454,SMA04991,SMA10458,SMA10424,2MA02476,SMA10451,SMA10461,SMA04856,SMA04971,SMA16109,2MA02142
5/28/24,SMA10427,2MA02429,SMA10460,2MA02436,SMA10448,2MA02426,SMA10421,2MA02464,SMA10452,2MA02414,SMA04862,SMA04922,SMA10415,SMA10469,2MA02233,SMA10471,2MA02421,2MA02420,SMA10395,SMA10470,SMA04859,2MA02477,SMA10465,2MA02450,SMA10466,2MA02454,SMA04991,SMA10458,SMA10424,2MA02476,SMA10451,SMA10461,SMA04856,SMA04971,SMA16109,2MA02142
5/29/24,SMA10427,2MA02429,SMA10460,2MA02436,SMA10448,2MA02426,SMA10421,2MA02464,SMA10452,2MA02414,SMA04862,SMA04922,SMA10415,SMA10469,2MA02233,SMA10471,2MA02421,2MA02420,SMA10395,SMA10470,SMA04859,2MA02477,SMA10465,2MA02450,SMA10466,2MA02454,SMA04991,SMA10458,SMA10424,2MA02476,SMA10451,SMA10461,SMA04856,SMA04971,SMA16109,2MA02142
5/30/24,SMA10427,2MA02429,SMA10460,2MA02436,SMA10448,2MA02426,SMA10421,2MA02464,SMA10452,2MA02414,SMA04862,SMA04922,SMA10415,SMA10469,2MA02233,SMA10471,2MA02421,2MA02420,SMA10395,SMA10470,SMA04859,2MA02477,SMA10465,2MA02450,SMA10466,2MA02454,SMA04991,SMA10458,SMA10424,2MA02476,SMA10451,SMA10461,SMA04856,SMA04971,SMA16109,2MA02142
5/31/24,SMA10427,2MA02429,SMA10460,2MA02436,SMA10448,2MA02426,SMA10421,2MA02464,SMA10452,2MA02414,SMA04862,SMA04922,SMA10415,SMA10469,2MA02233,SMA10471,2MA02421,2MA02420,SMA10395,SMA10470,SMA04859,2MA02477,SMA10465,2MA02450,SMA10466,2MA02454,SMA04991,SMA10458,SMA10424,2MA02476,SMA10451,SMA10461,SMA04856,SMA04971,SMA16109,2MA02142
6/1/24,SMA10427,2MA02429,SMA10460,2MA02436,SMA10448,2MA02426,SMA10421,2MA02464,SMA10452,2MA02414,SMA04862,SMA04922,SMA10415,SMA10469,2MA02233,SMA10471,2MA02421,2MA02420,SMA10395,SMA10470,SMA04859,2MA02477,SMA10465,2MA02450,SMA10466,2MA02454,SMA04991,SMA10458,SMA10424,2MA02476,SMA10451,SMA10461,SMA04856,SMA04971,SMA16109,2MA02142
6/2/24,SMA10427,2MA02429,SMA10460,2MA02436,SMA10448,2MA02426,SMA10421,2MA02464,SMA10452,2MA02414,SMA04862,SMA04922,SMA10415,SMA10469,2MA02233,SMA10471,2MA02421,2MA02420,SMA10395,SMA10470,SMA04859,2MA02477,SMA10465,2MA02450,SMA10466,2MA02454,SMA04991,SMA10458,SMA10424,2MA02476,SMA10451,SMA10461,SMA04856,SMA04971,SMA16109,2MA02142
6/3/24,SMA10427,2MA02429,SMA10460,2MA02436,SMA10448,2MA02426,SMA10421,2MA02464,SMA10452,2MA02414,SMA04862,SMA04922,SMA10415,SMA10469,2MA02233,SMA10471,2MA02421,2MA02420,SMA10395,SMA10470,SMA04859,2MA02477,SMA10465,2MA02450,SMA10466,2MA02454,SMA04991,SMA10458,SMA10424,2MA02476,SMA10451,SMA10461,SMA04856,SMA04971,SMA16109,2MA02142
6/4/24,SMA10427,2MA02429,SMA10460,2MA02436,SMA10448,2MA02426,SMA10421,2MA02464,SMA10452,2MA02414,SMA04862,SMA04922,SMA10415,SMA10469,2MA02233,SMA10471,2MA02421,2MA02420,SMA10395,SMA10470,SMA04859,2MA02477,SMA10465,2MA02450,SMA10466,2MA02454,SMA04991,SMA10458,SMA10424,2MA02476,SMA10451,SMA10461,SMA04856,SMA04971,SMA16109,2MA02142
6/5/24,SMA10427,2MA02429,SMA10460,2MA02436,SMA10448,2MA02426,SMA10421,2MA02464,SMA10452,2MA02414,SMA04862,SMA04922,SMA10415,SMA10469,2MA02233,SMA10471,2MA02421,2MA02420,SMA10395,SMA10470,SMA04859,2MA02477,SMA10465,2MA02450,SMA10466,2MA02454,SMA04991,SMA10458,SMA10424,2MA02476,SMA10451,SMA10461,SMA04856,SMA04971,SMA16109,2MA02142
6/6/24,SMA10427,2MA02429,SMA10460,2MA02436,SMA10448,2MA02426,SMA10421,2MA02464,SMA10452,2MA02414,SMA04862,SMA04922,SMA10415,SMA10469,2MA02233,SMA10471,2MA02421,2MA02420,SMA10395,SMA10470,SMA04859,2MA02477,SMA10465,2MA02450,SMA10466,2MA02454,SMA04991,SMA10458,SMA10424,2MA02476,SMA10451,SMA10461,SMA04856,SMA04971,SMA16109,2MA02142
6/7/24,SMA10427,2MA02429,SMA10460,2MA02436,SMA10448,2MA02426,SMA10421,2MA02464,SMA10452,2MA02414,SMA04862,SMA04922,SMA10415,SMA10469,2MA02233,SMA10471,2MA02421,2MA02420,SMA10395,SMA10470,SMA04859,2MA02477,SMA10465,2MA02450,SMA10466,2MA02454,SMA04991,SMA10458,SMA10424,2MA02476,SMA10451,SMA10461,SMA04856,SMA04971,SMA16109,2MA02142
6/8/24,SMA10427,2MA02429,SMA10460,2MA02436,SMA10448,2MA02426,SMA10421,2MA02464,SMA10452,2MA02414,SMA04862,SMA04922,SMA10415,SMA10469,2MA02233,SMA10471,2MA02421,2MA02420,SMA10395,SMA10470,SMA04859,2MA02477,SMA10465,2MA02450,SMA10466,2MA02454,SMA04991,SMA10458,SMA10424,2MA02476,SMA10451,SMA10461,SMA04856,SMA04971,SMA16109,2MA02142
6/9/24,SMA10427,2MA02429,SMA10460,2MA02436,SMA10448,2MA02426,SMA10421,2MA02464,SMA10452,2MA02414,SMA04862,SMA04922,SMA10415,SMA10469,2MA02233,SMA10471,2MA02421,2MA02420,SMA10395,SMA10470,SMA04859,2MA02477,SMA10465,2MA02450,SMA10466,2MA02454,SMA04991,SMA10458,SMA10424,2MA02476,SMA10451,SMA10461,SMA04856,SMA04971,SMA16109,2MA02142
6/10/24,SMA10427,2MA02429,SMA10460,2MA02436,SMA10448,2MA02426,SMA10421,2MA02464,SMA10452,2MA02414,SMA04862,SMA04922,SMA10415,SMA10469,2MA02233,SMA10471,2MA02421,2MA02420,SMA10395,SMA10470,SMA04859,2MA02477,SMA10465,2MA02450,SMA10466,2MA02454,SMA04991,SMA10458,SMA10424,2MA02476,SMA10451,SMA10461,SMA04856,SMA04971,SMA16109,2MA02142
6/11/24,SMA10427,2MA02429,SMA10460,2MA02436,SMA10448,2MA02426,SMA10421,2MA02464,SMA10452,2MA02414,SMA04862,SMA04922,SMA10415,SMA10469,2MA02233,SMA10471,2MA02421,2MA02420,SMA10395,SMA10470,SMA04859,2MA02477,SMA10465,2MA02450,SMA10466,2MA02454,SMA04991,SMA10458,SMA10424,2MA02476,SMA10451,SMA10461,SMA04856,SMA04971,SMA16109,2MA02142
6/12/24,SMA10427,2MA02429,SMA10460,2MA02436,SMA10448,2MA02426,SMA10421,2MA02464,SMA10452,2MA02414,SMA04862,SMA04922,SMA10415,SMA10469,2MA02233,SMA10471,2MA02421,2MA02420,SMA10395,SMA10470,SMA04859,2MA02477,SMA10465,2MA02450,SMA10466,2MA02454,SMA04991,SMA10458,SMA10424,2MA02476,SMA10451,SMA10461,SMA04856,SMA04971,SMA16109,2MA02142
6/13/24,SMA10427,2MA02429,SMA10460,2MA02436,SMA10448,2MA02426,SMA10421,2MA02464,SMA10452,2MA02414,SMA04862,SMA04922,SMA10415,SMA10469,2MA02233,SMA10471,2MA02421,2MA02420,SMA10395,SMA10470,SMA04859,2MA02477,SMA10465,2MA02450,SMA10466,2MA02454,SMA04991,SMA10458,SMA10424,2MA02476,SMA10451,SMA10461,SMA04856,SMA04971,SMA16109,2MA02142
6/14/24,SMA10427,2MA02429,SMA10460,2MA02436,SMA10448,2MA02426,SMA10421,2MA02464,SMA10452,2MA02414,SMA04862,SMA04922,SMA10415,SMA10469,2MA02233,SMA10471,2MA02421,2MA02420,SMA10395,SMA10470,SMA04859,2MA02477,SMA10465,2MA02450,SMA10466,2MA02454,SMA04991,SMA10458,SMA10424,2MA02476,SMA10451,SMA10461,SMA04856,SMA04971,SMA16109,2MA02142
6/15/24,SMA10427,2MA02429,SMA10460,2MA02436,SMA10448,2MA02426,SMA10421,2MA02464,SMA10452,2MA02414,SMA04862,SMA04922,SMA10415,SMA10469,2MA02233,SMA10471,2MA02421,2MA02420,SMA10395,SMA10470,SMA04859,2MA02477,SMA10465,2MA02450,SMA10466,2MA02454,SMA04991,SMA10458,SMA10424,2MA02476,SMA10451,SMA10461,SMA04856,SMA04971,SMA16109,2MA02142
6/16/24,SMA10427,2MA02429,SMA10460,2MA02436,SMA10448,2MA02426,SMA10421,2MA02464,SMA10452,2MA02414,SMA04862,SMA04922,SMA10415,SMA10469,2MA02233,SMA10471,2MA02421,2MA02420,SMA10395,SMA10470,SMA04859,2MA02477,SMA10465,2MA02450,SMA10466,2MA02454,SMA04991,SMA10458,SMA10424,2MA02476,SMA10451,SMA10461,SMA04856,SMA04971,SMA16109,2MA02142
6/17/24,SMA10427,2MA02429,SMA10460,2MA02436,SMA10448,2MA02426,SMA10421,2MA02464,SMA10452,2MA02414,SMA04862,SMA04922,SMA10415,SMA10469,2MA02233,SMA10471,2MA02421,2MA02420,SMA10395,SMA10470,SMA04859,2MA02477,SMA10465,2MA02450,SMA10466,2MA02454,SMA04991,SMA10458,SMA10424,2MA02476,SMA10451,SMA10461,SMA04856,SMA04971,SMA16109,2MA02142
6/18/24,SMA10427,2MA02429,SMA10460,2MA02436,SMA10448,2MA02426,SMA10421,2MA02464,SMA10452,2MA02414,SMA04862,SMA04922,SMA10415,SMA10469,2MA02233,SMA10471,2MA02421,2MA02420,SMA10395,SMA10470,SMA04859,2MA02477,SMA10465,2MA02450,SMA10466,2MA02454,SMA04991,SMA10458,SMA10424,2MA02476,SMA10451,SMA10461,SMA04856,SMA04971,SMA16109,2MA02142
6/19/24,SMA10427,2MA02429,SMA10460,2MA02436,SMA10448,2MA02426,SMA10421,2MA02464,SMA10452,2MA02414,SMA04862,SMA04922,SMA10415,SMA10469,2MA02233,SMA10471,2MA02421,2MA02420,SMA10395,SMA10470,SMA04859,2MA02477,SMA10465,2MA02450,SMA10466,2MA02454,SMA04991,SMA10458,SMA10424,2MA02476,SMA10451,SMA10461,SMA04856,SMA04971,SMA16109,2MA02142
6/20/24,SMA10427,2MA02429,SMA10460,2MA02436,SMA10448,2MA02426,SMA10421,2MA02464,SMA10452,2MA02414,SMA04862,SMA04922,SMA10415,SMA10469,2MA02233,SMA10471,2MA02421,2MA02420,SMA10395,SMA10470,SMA04859,2MA02477,SMA10465,2MA02450,SMA10466,2MA02454,SMA04991,SMA10458,SMA10424,2MA02476,SMA10451,SMA10461,SMA04856,SMA04971,SMA16109,2MA02142
6/21/24,SMA10427,2MA02429,SMA10460,2MA02436,SMA10448,2MA02426,SMA10421,2MA02464,SMA10452,2MA02414,SMA04862,SMA04922,SMA10415,SMA10469,2MA02233,SMA10471,2MA02421,2MA02420,SMA10395,SMA10470,SMA04859,2MA02477,SMA10465,2MA02450,SMA10466,2MA02454,SMA04991,SMA10458,SMA10424,2MA02476,SMA10451,SMA10461,SMA04856,SMA04971,SMA16109,2MA02142
6/22/24,SMA10427,2MA02429,SMA10460,2MA02436,SMA10448,2MA02426,SMA10421,2MA02464,SMA10452,2MA02414,SMA04862,SMA04922,SMA10415,SMA10469,2MA02233,SMA10471,2MA02421,2MA02420,SMA10395,SMA10470,SMA04859,2MA02477,SMA10465,2MA02450,SMA10466,2MA02454,SMA04991,SMA10458,SMA10424,2MA02476,SMA10451,SMA10461,SMA04856,SMA04971,SMA16109,2MA02142
6/23/24,SMA10427,2MA02429,SMA10460,2MA02436,SMA10448,2MA02426,SMA10421,2MA02464,SMA10452,2MA02414,SMA04862,SMA04922,SMA10415,SMA10469,2MA02233,SMA10471,2MA02421,2MA02420,SMA10395,SMA10470,SMA04859,2MA02477,SMA10465,2MA02450,SMA10466,2MA02454,SMA04991,SMA10458,SMA10424,2MA02476,SMA10451,SMA10461,SMA04856,SMA04971,SMA16109,2MA02142
6/24/24,SMA10427,2MA02429,SMA10460,2MA02436,SMA10448,2MA02426,SMA10421,2MA02464,SMA10452,2MA02414,SMA04862,SMA04922,SMA10415,SMA10469,2MA02233,SMA10471,2MA02421,2MA02420,SMA10395,SMA10470,SMA04859,2MA02477,SMA10465,2MA02450,SMA10466,2MA02454,SMA04991,SMA10458,SMA10424,2MA02476,SMA10451,SMA10461,SMA04856,SMA04971,SMA16109,2MA02142
6/25/24,SMA10427,2MA02429,SMA10460,2MA02436,SMA10448,2MA02426,SMA10421,2MA02464,SMA10452,2MA02414,SMA04862,SMA04922,SMA10415,SMA10469,2MA02233,SMA10471,2MA02421,2MA02420,SMA10395,SMA10470,SMA04859,2MA02477,SMA10465,2MA02450,SMA10466,2MA02454,SMA04991,SMA10458,SMA10424,2MA02476,SMA10451,SMA10461,SMA04856,SMA04971,SMA16109,2MA02142
6/26/24,SMA10427,2MA02429,SMA10460,2MA02436,SMA10448,2MA02426,SMA10421,2MA02464,SMA10452,2MA02414,SMA04862,SMA04922,SMA10415,SMA10469,2MA02233,SMA10471,2MA02421,2MA02420,SMA10395,SMA10470,SMA04859,2MA02477,SMA10465,2MA02450,SMA10466,2MA02454,SMA04991,SMA10458,SMA10424,2MA02476,SMA10451,SMA10461,SMA04856,SMA04971,SMA16109,2MA02142
6/27/24,SMA10427,2MA02429,SMA10460,2MA02436,SMA10448,2MA02426,SMA10421,2MA02464,SMA10452,2MA02414,SMA04862,SMA04922,SMA10415,SMA10469,2MA02233,SMA10471,2MA02421,2MA02420,SMA10395,SMA10470,SMA04859,2MA02477,SMA10465,2MA02450,SMA10466,2MA02454,SMA04991,SMA10458,SMA10424,2MA02476,SMA10451,SMA10461,SMA04856,SMA04971,SMA16109,2MA02142
6/28/24,SMA10427,2MA02429,SMA10460,2MA02436,SMA10448,2MA02426,SMA10421,2MA02464,SMA10452,2MA02414,SMA04862,SMA04922,SMA10415,SMA10469,2MA02233,SMA10471,2MA02421,2MA02420,SMA10395,SMA10470,SMA04859,2MA02477,SMA10465,2MA02450,SMA10466,2MA02454,SMA04991,SMA10458,SMA10424,2MA02476,SMA10451,SMA10461,SMA04856,SMA04971,SMA16109,2MA02142
6/29/24,SMA10427,2MA02414,SMA10460,2MA02436,SMA10448,2MA02426,2MA02420,2MA02464,SMA10452,,,,,,,,,,SMA10395,SMA10470,SMA04859,2MA02477,SMA10465,2MA02450,SMA10466,2MA02454,SMA04991,SMA10458,SMA10424,2MA02476,SMA10451,,SMA04856,SMA04971,SMA16109,2MA02142
6/30/24,SMA10427,2MA02414,SMA10460,2MA02436,SMA10448,2MA02426,2MA02420,2MA02464,2MA02233,,,,,,,,,,SMA10395,SMA10470,SMA04859,2MA02477,SMA10465,2MA02450,SMA10466,2MA02454,SMA04991,SMA10458,SMA10424,2MA02476,SMA10451,,SMA04856,SMA04971,SMA16109,2MA02142
7/1/24,SMA10427,2MA02414,SMA10460,2MA02436,SMA10448,2MA02426,2MA02420,2MA02464,2MA02233,,,,,,,,,,SMA10395,SMA10470,SMA04859,2MA02477,SMA10465,2MA02450,SMA10466,2MA02454,SMA04991,SMA10458,SMA10424,2MA02476,SMA10451,,SMA04856,SMA04971,SMA16109,2MA02142
7/2/24,SMA10427,2MA02414,SMA10460,2MA02436,SMA10448,2MA02426,2MA02420,2MA02464,2MA02233,,,,,,,,,,SMA10395,SMA10470,SMA04859,2MA02477,SMA10465,2MA02450,SMA10466,2MA02454,SMA04991,SMA10458,SMA10424,2MA02476,SMA10451,,SMA04856,SMA04971,SMA16109,2MA02142
7/3/24,SMA10427,2MA02414,SMA10460,2MA02436,SMA10448,2MA02426,2MA02420,2MA02464,2MA02233,,,,,,,,,,SMA10395,SMA10470,SMA04859,2MA02477,SMA10465,2MA02450,SMA10466,2MA02454,SMA04991,SMA10458,SMA10424,2MA02476,SMA10451,,SMA04856,SMA04971,SMA16109,2MA02142
7/4/24,SMA10427,2MA02414,SMA10460,2MA02436,SMA10448,2MA02426,2MA02420,2MA02464,2MA02233,,,,,,,,,,SMA10395,SMA10470,SMA04859,2MA02477,SMA10465,2MA02450,SMA10466,2MA02454,SMA04991,SMA10458,SMA10424,2MA02476,SMA10451,,SMA04856,SMA04971,SMA16109,2MA02142
7/5/24,SMA10427,2MA02414,SMA10460,2MA02436,SMA10448,2MA02426,2MA02420,2MA02464,2MA02233,,,,,,,,,,SMA10395,SMA10470,SMA04859,2MA02477,SMA10465,2MA02450,SMA10466,2MA02454,SMA04991,SMA10458,SMA10424,2MA02476,SMA10451,,SMA04856,SMA04971,SMA16109,2MA02142
7/6/24,SMA10427,2MA02414,SMA10460,2MA02436,SMA10448,2MA02426,2MA02420,2MA02464,2MA02233,,,,,,,,,,SMA10395,SMA10470,SMA04859,2MA02477,SMA10465,2MA02450,SMA10466,2MA02454,SMA04991,SMA10458,SMA10424,2MA02476,SMA10451,,SMA04856,SMA04971,SMA16109,2MA02142
7/7/24,SMA10427,2MA02414,SMA10460,2MA02436,SMA10448,2MA02426,2MA02420,2MA02464,2MA02233,,,,,,,,,,SMA10395,SMA10470,SMA04859,2MA02477,SMA10465,2MA02450,SMA10466,2MA02454,SMA04991,SMA10458,SMA10424,2MA02476,SMA10451,,SMA04856,SMA04971,SMA16109,2MA02142
7/8/24,SMA10427,2MA02414,SMA10460,2MA02436,SMA10448,2MA02426,2MA02420,2MA02464,2MA02233,,,,,,,,,,SMA10395,SMA10470,SMA04859,2MA02477,SMA10465,2MA02450,SMA10466,2MA02454,SMA04991,SMA10458,SMA10424,2MA02476,SMA10451,,SMA04856,SMA04971,SMA16109,2MA02142
7/9/24,SMA10427,2MA02414,SMA10460,2MA02436,SMA10448,2MA02426,2MA02420,2MA02464,2MA02233,,,,,,,,,,SMA10395,SMA10470,SMA04859,2MA02477,SMA10465,2MA02450,SMA10466,2MA02454,SMA04991,SMA10458,SMA10424,2MA02476,SMA10451,,SMA04856,SMA04971,SMA16109,2MA02142
7/10/24,SMA10427,2MA02414,SMA10460,2MA02436,SMA10448,2MA02426,2MA02420,2MA02464,2MA02233,,,,,,,,,,SMA10395,SMA10470,SMA04859,2MA02477,SMA10465,2MA02450,SMA10466,2MA02454,SMA04991,SMA10458,SMA10424,2MA02476,SMA10451,,SMA04856,SMA04971,SMA16109,2MA02142
7/11/24,SMA10427,2MA02414,SMA10460,2MA02436,SMA10448,2MA02426,2MA02420,2MA02464,2MA02233,,,,,,,,,,SMA10395,SMA10470,SMA04859,2MA02477,SMA10465,2MA02450,SMA10466,2MA02454,SMA04991,SMA10458,SMA10424,2MA02476,SMA10451,,SMA04856,SMA04971,SMA16109,2MA02142
7/12/24,SMA10427,2MA02414,SMA10460,2MA02436,SMA10448,2MA02426,2MA02420,2MA02464,2MA02233,,,,,,,,,,SMA10395,SMA10470,SMA04859,2MA02477,SMA10465,2MA02450,SMA10466,2MA02454,SMA04991,SMA10458,SMA10424,2MA02476,SMA10451,,SMA04856,SMA04971,SMA16109,2MA02142
7/13/24,SMA10427,2MA02414,SMA10460,2MA02436,SMA10448,2MA02426,2MA02420,2MA02464,2MA02233,,,,,,,,,,SMA10395,SMA10470,SMA04859,2MA02477,SMA10465,2MA02450,SMA10466,2MA02454,SMA04991,SMA10458,SMA10424,2MA02476,,,SMA04856,SMA04971,SMA16109,2MA02142
7/14/24,SMA10427,2MA02414,SMA10460,2MA02436,SMA10448,2MA02426,2MA02420,2MA02464,2MA02233,,,,,,,,,,SMA10395,SMA10470,SMA04859,2MA02477,SMA10465,2MA02450,SMA10466,2MA02454,SMA04991,SMA10458,SMA10424,2MA02476,,,SMA04856,SMA04971,SMA16109,2MA02142
7/15/24,SMA10427,2MA02414,SMA10460,2MA02436,SMA10448,2MA02426,2MA02420,2MA02464,2MA02233,,,,,,,,,,SMA10395,SMA10470,SMA04859,2MA02477,SMA10465,2MA02450,SMA10466,2MA02454,SMA04991,SMA10458,SMA10424,2MA02476,,,SMA04856,SMA04971,SMA16109,2MA02142
7/16/24,SMA10427,2MA02414,SMA10460,2MA02436,SMA10448,2MA02426,2MA02420,2MA02464,2MA02233,,,,,,,,,,SMA10395,SMA10470,SMA04859,2MA02477,SMA10465,2MA02450,SMA10466,2MA02454,SMA04991,SMA10458,SMA10424,2MA02476,,,SMA04856,SMA04971,SMA16109,2MA02142
7/17/24,SMA10427,2MA02414,SMA10460,2MA02436,SMA10448,2MA02426,2MA02420,2MA02464,2MA02233,,,,,,,,,,SMA10395,SMA10470,SMA04859,2MA02477,SMA10465,2MA02450,SMA10466,2MA02454,SMA04991,SMA10458,SMA10424,2MA02476,,,SMA04856,SMA04971,SMA16109,2MA02142
7/18/24,SMA10427,2MA02414,SMA10460,2MA02436,SMA10448,2MA02426,2MA02420,2MA02464,2MA02233,,,,,,,,,,SMA10395,SMA10470,SMA04859,2MA02477,SMA10465,2MA02450,SMA10466,2MA02454,SMA04991,SMA10458,SMA10424,2MA02476,,,SMA04856,SMA04971,SMA16109,2MA02142
7/19/24,SMA10427,2MA02414,SMA10460,2MA02436,SMA10448,2MA02426,2MA02420,2MA02464,2MA02233,,,,,,,,,,SMA10395,SMA10470,SMA04859,2MA02477,SMA10465,2MA02450,SMA10466,2MA02454,SMA04991,SMA10458,SMA10424,2MA02476,,,SMA04856,SMA04971,SMA16109,2MA02142
7/20/24,SMA10427,2MA02414,SMA10460,2MA02436,SMA10448,2MA02426,2MA02420,2MA02464,2MA02233,,,,,,,,,,SMA10395,SMA10470,SMA04859,2MA02477,SMA10465,2MA02450,SMA10466,2MA02454,SMA04991,SMA10458,SMA10424,2MA02476,,,SMA04856,SMA04971,SMA16109,2MA02142
7/21/24,SMA10427,2MA02414,SMA10460,2MA02436,SMA10448,2MA02426,2MA02420,2MA02464,2MA02233,,,,,,,,,,SMA10395,SMA10470,SMA04859,2MA02477,SMA10465,2MA02450,SMA10466,2MA02454,SMA04991,SMA10458,SMA10424,2MA02476,,,SMA04856,SMA04971,SMA16109,2MA02142
7/22/24,SMA10427,2MA02414,SMA10460,2MA02436,SMA10448,2MA02426,2MA02420,2MA02464,2MA02233,,,,,,,,,,SMA10395,SMA10470,SMA04859,2MA02477,SMA10465,2MA02450,SMA10466,2MA02454,SMA04991,SMA10458,SMA10424,2MA02476,,,SMA04856,SMA04971,SMA16109,2MA02142
7/23/24,SMA10427,2MA02414,SMA10460,2MA02436,SMA10448,2MA02426,2MA02420,2MA02464,2MA02233,,,,,,,,,,SMA10395,SMA10470,SMA04859,2MA02477,SMA10465,2MA02450,SMA10466,2MA02454,SMA04991,SMA10458,SMA10424,2MA02476,,,SMA04856,SMA04971,SMA16109,2MA02142
7/24/24,SMA10427,2MA02414,SMA10460,2MA02436,SMA10448,2MA02426,2MA02420,2MA02464,2MA02233,,,,,,,,,,SMA10395,SMA10470,SMA04859,2MA02477,SMA10465,2MA02450,SMA10466,2MA02454,SMA04991,SMA10458,SMA10424,2MA02476,,,SMA04856,SMA04971,SMA16109,2MA02142
7/25/24,SMA10427,2MA02414,SMA10460,2MA02436,SMA10448,2MA02426,2MA02420,2MA02464,2MA02233,,,,,,,,,,SMA10395,SMA10470,SMA04859,2MA02477,SMA10465,2MA02450,SMA10466,2MA02454,SMA04991,SMA10458,SMA10424,2MA02476,,,SMA04856,SMA04971,SMA16109,2MA02142
7/26/24,SMA10427,2MA02414,SMA10460,2MA02436,SMA10448,2MA02426,2MA02420,2MA02464,2MA02233,,,,,,,,,,SMA10395,SMA10470,SMA04859,2MA02477,SMA10465,2MA02450,SMA10466,2MA02454,SMA04991,SMA10458,SMA10424,2MA02476,,,SMA04856,SMA04971,SMA16109,2MA02142
7/27/24,SMA10427,2MA02414,SMA10460,2MA02436,SMA10448,2MA02426,2MA02420,2MA02464,2MA02233,,,,,,,,,,SMA10395,SMA10470,SMA04859,2MA02477,SMA10465,2MA02450,SMA10466,2MA02454,SMA04991,SMA10458,SMA10424,2MA02476,,,SMA04856,SMA04971,SMA16109,2MA02142
7/28/24,SMA10427,2MA02414,SMA10460,2MA02436,SMA10448,2MA02426,2MA02420,2MA02464,2MA02233,,,,,,,,,,SMA10395,SMA10470,SMA04859,2MA02477,SMA10465,2MA02450,SMA10466,2MA02454,SMA04991,SMA10458,SMA10424,2MA02476,,,SMA04856,SMA04971,SMA16109,2MA02142
7/29/24,SMA10427,2MA02414,SMA10460,2MA02436,SMA10448,2MA02426,2MA02420,2MA02464,2MA02233,,,,,,,,,,SMA10395,SMA10470,SMA04859,2MA02477,SMA10465,2MA02450,SMA10466,2MA02454,SMA04991,SMA10458,SMA10424,2MA02476,,,SMA04856,SMA04971,SMA16109,2MA02142
7/30/24,SMA10427,2MA02414,SMA10460,2MA02436,SMA10448,2MA02426,2MA02420,2MA02464,2MA02233,,,,,,,,,,SMA10395,SMA10470,SMA04859,2MA02477,SMA10465,2MA02450,SMA10466,2MA02454,SMA04991,SMA10458,SMA10424,2MA02476,,,SMA04856,SMA04971,SMA16109,2MA02142
7/31/24,SMA10427,2MA02414,SMA10460,2MA02436,SMA10448,2MA02426,2MA02420,2MA02464,2MA02233,,,,,,,,,,SMA10395,SMA10470,SMA04859,2MA02477,SMA10465,2MA02450,SMA10466,2MA02454,SMA04991,SMA10458,SMA10424,2MA02476,,,SMA04856,SMA04971,SMA16109,2MA02142
8/1/24,SMA10427,2MA02414,SMA10460,2MA02436,SMA10448,2MA02426,2MA02420,2MA02464,2MA02233,,,,,,,,,,SMA10395,SMA10470,SMA04859,2MA02477,SMA10465,2MA02450,SMA10466,2MA02454,SMA04991,SMA10458,SMA10424,2MA02476,,,SMA04856,SMA04971,SMA16109,2MA02142
8/2/24,SMA10427,2MA02414,SMA10460,2MA02436,SMA10448,2MA02426,2MA02420,2MA02464,2MA02233,,,,,,,,,,SMA10395,SMA10470,SMA04859,2MA02477,SMA10465,2MA02450,SMA10466,2MA02454,SMA04991,SMA10458,SMA10424,2MA02476,,,SMA04856,SMA04971,SMA16109,2MA02142
8/3/24,SMA10427,2MA02414,SMA10460,2MA02436,SMA10448,2MA02426,2MA02420,2MA02464,2MA02233,,,,,,,,,,SMA10395,SMA10470,SMA04859,2MA02477,SMA10465,2MA02450,SMA10466,2MA02454,SMA04991,SMA10458,SMA10424,2MA02476,,,SMA04856,SMA04971,SMA16109,2MA02142
8/4/24,SMA10427,2MA02414,SMA10460,2MA02436,SMA10448,2MA02426,2MA02420,2MA02464,2MA02233,,,,,,,,,,SMA10395,SMA10470,SMA04859,2MA02477,SMA10465,2MA02450,SMA10466,2MA02454,SMA04991,SMA10458,,2MA02476,,,SMA04856,SMA04971,SMA16109,2MA02142
8/5/24,SMA10427,2MA02414,SMA10460,2MA02436,SMA10448,2MA02426,2MA02420,2MA02464,2MA02233,,,,,,,,,,SMA10395,SMA10470,SMA04859,2MA02477,SMA10465,2MA02450,SMA10466,2MA02454,SMA04991,SMA10458,,2MA02476,,,SMA04856,SMA04971,SMA16109,2MA02142
8/6/24,SMA10427,2MA02414,SMA10460,2MA02436,SMA10448,2MA02426,2MA02420,2MA02464,2MA02233,,,,,,,,,,SMA10395,SMA10470,SMA04859,2MA02477,SMA10465,2MA02450,SMA10466,2MA02454,SMA04991,SMA10458,,2MA02476,,,SMA04856,SMA04971,SMA16109,2MA02142
8/7/24,SMA10427,2MA02414,SMA10460,2MA02436,SMA10448,2MA02426,2MA02420,2MA02464,2MA02233,,,,,,,,,,SMA10395,SMA10470,SMA04859,2MA02477,SMA10465,2MA02450,SMA10466,2MA02454,SMA04991,SMA10458,,2MA02476,,,SMA04856,SMA04971,SMA16109,2MA02142
8/8/24,SMA10427,2MA02414,SMA10460,2MA02436,SMA10448,2MA02426,2MA02420,2MA02464,2MA02233,,,,,,,,,,SMA10395,SMA10470,SMA04859,2MA02477,SMA10465,2MA02450,SMA10466,2MA02454,SMA04991,SMA10458,,2MA02476,,,SMA04856,SMA04971,SMA16109,2MA02142
8/9/24,SMA10427,2MA02414,SMA10460,2MA02436,SMA10448,2MA02426,2MA02420,2MA02464,2MA02233,,,,,,,,,,SMA10395,SMA10470,SMA04859,2MA02477,SMA10465,2MA02450,SMA10466,2MA02454,SMA04991,SMA10458,,2MA02476,,,SMA04856,SMA04971,SMA16109,2MA02142
8/10/24,SMA10427,2MA02414,SMA10460,2MA02436,SMA10448,2MA02426,2MA02420,2MA02464,2MA02233,,,,,,,,,,SMA10395,SMA10470,SMA04859,2MA02477,SMA10465,2MA02450,SMA10466,2MA02454,SMA04991,SMA10458,,2MA02476,,,SMA04856,SMA04971,SMA16109,2MA02142
8/11/24,SMA10427,2MA02414,SMA10460,2MA02436,SMA10448,2MA02426,2MA02420,2MA02464,2MA02233,,,,,,,,,,SMA10395,SMA10470,SMA04859,2MA02477,SMA10465,2MA02450,SMA10466,2MA02454,SMA04991,SMA10458,,2MA02476,,,SMA04856,SMA04971,SMA16109,2MA02142
8/12/24,SMA10427,2MA02414,SMA10460,2MA02436,SMA10448,2MA02426,2MA02420,2MA02464,2MA02233,,,,,,,,,,SMA10395,SMA10470,SMA04859,2MA02477,SMA10465,2MA02450,SMA10466,2MA02454,SMA04991,SMA10458,,2MA02476,,,SMA04856,SMA04971,SMA16109,2MA02142
8/13/24,SMA10427,2MA02414,SMA10460,2MA02436,SMA10448,2MA02426,2MA02420,2MA02464,2MA02233,,,,,,,,,,SMA10395,SMA10470,SMA04859,2MA02477,SMA10465,2MA02450,SMA10466,2MA02454,SMA04991,SMA10458,,2MA02476,,,SMA04856,SMA04971,SMA16109,2MA02142
8/14/24,SMA10427,2MA02414,SMA10460,2MA02436,SMA10448,2MA02426,2MA02420,2MA02464,2MA02233,,,,,,,,,,SMA10395,SMA10470,SMA04859,2MA02477,SMA10465,2MA02450,SMA10466,2MA02454,SMA04991,SMA10458,,2MA02476,,,SMA04856,SMA04971,SMA16109,2MA02142
8/15/24,SMA10427,2MA02414,SMA10460,2MA02436,SMA10448,2MA02426,2MA02420,2MA02464,2MA02233,,,,,,,,,,SMA10395,SMA10470,SMA04859,2MA02477,SMA10465,2MA02450,SMA10466,2MA02454,SMA04991,SMA10458,,2MA02476,,,SMA04856,SMA04971,SMA16109,2MA02142
8/16/24,SMA10427,2MA02414,SMA10460,2MA02436,SMA10448,2MA02426,2MA02420,2MA02464,2MA02233,,,,,,,,,,SMA10395,SMA10470,SMA04859,2MA02477,SMA10465,2MA02450,SMA10466,2MA02454,SMA04991,SMA10458,,2MA02476,,,SMA04856,SMA04971,SMA16109,2MA02142
8/17/24,SMA10427,2MA02414,SMA10460,2MA02436,SMA10448,2MA02426,2MA02420,2MA02464,2MA02233,,,,,,,,,,SMA10395,SMA10470,SMA04859,2MA02477,SMA10465,2MA02450,SMA10466,2MA02454,SMA04991,SMA10458,,2MA02476,,,SMA04856,SMA04971,SMA16109,2MA02142
8/18/24,SMA10427,2MA02414,SMA10460,2MA02436,SMA10448,2MA02426,2MA02420,2MA02464,2MA02233,,,,,,,,,,SMA10395,SMA10470,SMA04859,2MA02477,SMA10465,2MA02450,SMA10466,2MA02454,SMA04991,SMA10458,,2MA02476,,,SMA04856,SMA04971,SMA16109,2MA02142
8/19/24,SMA10427,2MA02414,SMA10460,2MA02436,SMA10448,2MA02426,2MA02420,2MA02464,2MA02233,,,,,,,,,,SMA10395,SMA10470,SMA04859,2MA02477,SMA10465,2MA02450,SMA10466,2MA02454,SMA04991,SMA10458,,2MA02476,,,SMA04856,SMA04971,SMA16109,2MA02142
8/20/24,SMA10427,2MA02414,SMA10460,2MA02436,SMA10448,2MA02426,2MA02420,2MA02464,2MA02233,,,,,,,,,,SMA10395,SMA10470,SMA04859,2MA02477,SMA10465,2MA02450,SMA10466,2MA02454,SMA04991,SMA10458,,2MA02476,,,SMA04856,SMA04971,SMA16109,2MA02142
8/21/24,SMA10427,2MA02414,SMA10460,2MA02436,SMA10448,2MA02426,2MA02420,2MA02464,2MA02233,,,,,,,,,,SMA10395,SMA10470,SMA04859,2MA02477,SMA10465,2MA02450,SMA10466,2MA02454,SMA04991,SMA10458,,2MA02476,,,SMA04856,SMA04971,SMA16109,2MA02142
8/22/24,SMA10427,2MA02414,SMA10460,2MA02436,SMA10448,2MA02426,2MA02420,2MA02464,2MA02233,,,,,,,,,,SMA10395,SMA10470,SMA04859,2MA02477,SMA10465,2MA02450,SMA10466,2MA02454,SMA04991,SMA10458,,2MA02476,,,SMA04856,SMA04971,SMA16109,2MA02142
8/23/24,SMA10427,2MA02414,SMA10460,2MA02436,SMA10448,2MA02426,2MA02420,2MA02464,2MA02233,,,,,,,,,,SMA10395,SMA10470,SMA04859,2MA02477,SMA10465,2MA02450,SMA10466,2MA02454,SMA04991,SMA10458,,2MA02476,,,SMA04856,SMA04971,SMA16109,2MA02142
8/24/24,SMA10427,2MA02414,SMA10460,2MA02436,SMA10448,2MA02426,2MA02420,2MA02464,2MA02233,,,,,,,,,,SMA10395,SMA10470,SMA04859,2MA02477,SMA10465,2MA02450,SMA10466,2MA02454,SMA04991,SMA10458,,2MA02476,,,SMA04856,SMA04971,SMA16109,2MA02142
8/25/24,,2MA02414,SMA10460,2MA02436,SMA10448,2MA02426,2MA02420,2MA02464,2MA02233,,,,,,,,,,SMA10395,SMA10470,SMA04859,2MA02477,SMA10465,2MA02450,SMA10466,2MA02454,SMA04991,SMA10458,,2MA02476,,,SMA04856,SMA04971,SMA16109,2MA02142
8/26/24,,2MA02414,SMA10460,2MA02436,SMA10448,2MA02426,2MA02420,2MA02464,2MA02233,,,,,,,,,,SMA10395,SMA10470,SMA04859,2MA02477,SMA10465,2MA02450,SMA10466,2MA02454,SMA04991,SMA10458,,2MA02476,,,SMA04856,SMA04971,SMA16109,2MA02142
8/27/24,,2MA02414,SMA10460,2MA02436,SMA10448,2MA02426,2MA02420,2MA02464,2MA02233,,,,,,,,,,SMA10395,SMA10470,SMA04859,2MA02477,SMA10465,2MA02450,SMA10466,2MA02454,SMA04991,SMA10458,,2MA02476,,,SMA04856,SMA04971,SMA16109,2MA02142
8/28/24,,2MA02414,SMA10460,2MA02436,SMA10448,2MA02426,2MA02420,2MA02464,2MA02233,,,,,,,,,,SMA10395,SMA10470,SMA04859,2MA02477,SMA10465,2MA02450,SMA10466,2MA02454,SMA04991,SMA10458,,2MA02476,,,SMA04856,SMA04971,SMA16109,2MA02142
8/29/24,,2MA02414,SMA10460,2MA02436,SMA10448,2MA02426,2MA02420,2MA02464,2MA02233,,,,,,,,,,SMA10395,SMA10470,SMA04859,2MA02477,SMA10465,2MA02450,SMA10466,2MA02454,SMA04991,SMA10458,,2MA02476,,,SMA04856,SMA04971,SMA16109,2MA02142
8/30/24,,2MA02414,SMA10460,2MA02436,SMA10448,2MA02426,2MA02420,2MA02464,2MA02233,,,,,,,,,,SMA10395,SMA10470,SMA04859,2MA02477,SMA10465,2MA02450,SMA10466,2MA02454,SMA04991,SMA10458,,2MA02476,,,SMA04856,SMA04971,SMA16109,2MA02142
8/31/24,,2MA02414,SMA10460,2MA02436,SMA10448,2MA02426,2MA02420,2MA02464,2MA02233,,,,,,,,,,SMA10395,SMA10470,SMA04859,2MA02477,SMA10465,2MA02450,SMA10466,2MA02454,SMA04991,SMA10458,,2MA02476,,,SMA04856,SMA04971,SMA16109,2MA02142
9/1/24,,2MA02414,SMA10460,2MA02436,SMA10448,2MA02426,2MA02420,2MA02464,2MA02233,,,,,,,,,,SMA10395,SMA10470,SMA04859,2MA02477,SMA10465,2MA02450,SMA10466,2MA02454,SMA04991,SMA10458,,2MA02476,,,SMA04856,SMA04971,SMA16109,2MA02142
9/2/24,,2MA02414,SMA10460,2MA02436,SMA10448,2MA02426,2MA02420,2MA02464,2MA02233,,,,,,,,,,SMA10395,SMA10470,SMA04859,2MA02477,SMA10465,2MA02450,SMA10466,2MA02454,SMA04991,SMA10458,,2MA02476,,,SMA04856,SMA04971,SMA16109,2MA02142
9/3/24,,2MA02414,SMA10460,2MA02436,SMA10448,2MA02426,2MA02420,2MA02464,2MA02233,,,,,,,,,,SMA10395,SMA10470,SMA04859,2MA02477,SMA10465,2MA02450,SMA10466,2MA02454,SMA04991,SMA10458,,2MA02476,,,SMA04856,SMA04971,SMA16109,2MA02142
9/4/24,,2MA02414,SMA10460,2MA02436,SMA10448,2MA02426,2MA02420,2MA02464,2MA02233,,,,,,,,,,SMA10395,SMA10470,SMA04859,2MA02477,SMA10465,2MA02450,SMA10466,2MA02454,SMA04991,SMA10458,,2MA02476,,,SMA04856,SMA04971,SMA16109,2MA02142
9/5/24,,2MA02414,SMA10460,2MA02436,SMA10448,2MA02426,2MA02420,2MA02464,2MA02233,,,,,,,,,,SMA10395,SMA10470,SMA04859,2MA02477,SMA10465,2MA02450,SMA10466,2MA02454,SMA04991,SMA10458,,2MA02476,,,SMA04856,SMA04971,SMA16109,2MA02142
9/6/24,,2MA02414,SMA10460,2MA02436,SMA10448,2MA02426,2MA02420,2MA02464,2MA02233,,,,,,,,,,SMA10395,SMA10470,SMA04859,2MA02477,SMA10465,2MA02450,SMA10466,2MA02454,SMA04991,SMA10458,,2MA02476,,,SMA04856,SMA04971,SMA16109,2MA02142
9/7/24,,2MA02414,SMA10460,2MA02436,SMA10448,2MA02426,2MA02420,2MA02464,2MA02233,,,,,,,,,,SMA10395,SMA10470,SMA04859,2MA02477,SMA10465,2MA02450,SMA10466,2MA02454,SMA04991,SMA10458,,2MA02476,,,SMA04856,SMA04971,SMA16109,2MA02142
9/8/24,,2MA02414,SMA10460,2MA02436,SMA10448,2MA02426,2MA02420,2MA02464,2MA02233,,,,,,,,,,SMA10395,SMA10470,SMA04859,2MA02477,SMA10465,2MA02450,SMA10466,2MA02454,SMA04991,SMA10458,,2MA02476,,,SMA04856,SMA04971,SMA16109,2MA02142
9/9/24,,2MA02414,SMA10460,2MA02436,SMA10448,2MA02426,2MA02420,2MA02464,2MA02233,,,,,,,,,,SMA10395,SMA10470,SMA04859,2MA02477,SMA10465,2MA02450,SMA10466,2MA02454,SMA04991,SMA10458,,2MA02476,,,SMA04856,SMA04971,SMA16109,2MA02142
9/10/24,,2MA02414,SMA10460,2MA02436,SMA10448,2MA02426,2MA02420,2MA02464,2MA02233,,,,,,,,,,SMA10395,SMA10470,SMA04859,2MA02477,SMA10465,2MA02450,SMA10466,2MA02454,SMA04991,SMA10458,,2MA02476,,,SMA04856,SMA04971,SMA16109,2MA02142
9/11/24,,2MA02414,SMA10460,2MA02436,SMA10448,2MA02426,2MA02420,2MA02464,2MA02233,,,,,,,,,,SMA10395,SMA10470,SMA04859,2MA02477,SMA10465,2MA02450,SMA10466,2MA02454,SMA04991,SMA10458,,2MA02476,,,SMA04856,SMA04971,SMA16109,2MA02142
9/12/24,,2MA02414,SMA10460,2MA02436,SMA10448,2MA02426,2MA02420,2MA02464,2MA02233,,,,,,,,,,SMA10395,SMA10470,SMA04859,2MA02477,SMA10465,2MA02450,SMA10466,2MA02454,SMA04991,SMA10458,,2MA02476,,,SMA04856,SMA04971,SMA16109,2MA02142
9/13/24,,2MA02414,SMA10460,2MA02436,SMA10448,2MA02426,2MA02420,2MA02464,2MA02233,,,,,,,,,,SMA10395,SMA10470,SMA04859,2MA02477,SMA10465,2MA02450,SMA10466,2MA02454,SMA04991,SMA10458,,2MA02476,,,SMA04856,SMA04971,SMA16109,2MA02142
9/14/24,,2MA02414,SMA10460,2MA02436,SMA10448,2MA02426,2MA02420,2MA02464,2MA02233,,,,,,,,,,SMA10395,SMA10470,SMA04859,2MA02477,SMA10465,2MA02450,SMA10466,2MA02454,SMA04991,SMA10458,,,,,,,,